"","PREY_sp","PREDATOR_sp"
"1","Channa punctata","Felis chaus"
"2","Channa striata","Felis chaus"
"3","Mystus tengara","Felis chaus"
"4","Mystus vittatus","Felis chaus"
"5","Glossogobius giuris","Felis chaus"
"6","Oreochromis niloticus","Felis chaus"
"7","Duttaphrynus melanostictus","Felis chaus"
"8","Duttaphrynus scaber","Felis chaus"
"9","Fejervarya orissaensis","Felis chaus"
"10","Minervarya agricola","Felis chaus"
"11","Hoplobatrachus tigerinus","Felis chaus"
"12","Hoplobatrachus crassus","Felis chaus"
"13","Netuma thalassina","Prionailurus viverrinus"
"14","Macrognathus pancalus","Prionailurus viverrinus"
"15","Mystus tengara","Prionailurus viverrinus"
"16","Mystus vittatus","Prionailurus viverrinus"
"17","Xenentodon cancila","Prionailurus viverrinus"
"18","Channa punctata","Prionailurus viverrinus"
"19","Channa striata","Prionailurus viverrinus"
"20","Channa gachua","Prionailurus viverrinus"
"21","Oreochromis niloticus","Prionailurus viverrinus"
"22","Glossogobius giuris","Prionailurus viverrinus"
"23","Heteropneustes fossilis","Prionailurus viverrinus"
"24","Mastacembelus armatus","Prionailurus viverrinus"
"25","Notopterus notopterus","Prionailurus viverrinus"
"26","Trichogaster lalius","Prionailurus viverrinus"
"27","Trichogaster fasciata","Prionailurus viverrinus"
"28","Diplonychus annulatus","Prionailurus viverrinus"
"29","Diplonychus rusticus","Prionailurus viverrinus"
"30","Aquarius adelaides","Prionailurus viverrinus"
"31","Limnogonus fossarum","Prionailurus viverrinus"
"32","Laccotrephes griseus","Prionailurus viverrinus"
"33","Laccotrephes ruber","Prionailurus viverrinus"
"34","Ranatra elongata","Prionailurus viverrinus"
"35","Ranatra filiformis","Prionailurus viverrinus"
"36","Ranatra varipes","Prionailurus viverrinus"
"37","Anisops campbelli","Prionailurus viverrinus"
"38","Duttaphrynus melanostictus","Prionailurus viverrinus"
"39","Fejervarya orissaensis","Prionailurus viverrinus"
"40","Euphlyctis cyanophlyctis","Prionailurus viverrinus"
"41","Hoplobatrachus tigerinus","Prionailurus viverrinus"
"42","Hoplobatrachus crassus","Prionailurus viverrinus"
"43","Lissemys punctata","Prionailurus viverrinus"
"44","Big fish juveniles","Prionailurus viverrinus"
"45","Parambassis baculis","Dendrocygna javanica"
"46","Aplocheilus panchax","Dendrocygna javanica"
"47","Netuma thalassina","Dendrocygna javanica"
"48","Badis badis","Dendrocygna javanica"
"49","Mystus tengara","Dendrocygna javanica"
"50","Mystus vittatus","Dendrocygna javanica"
"51","Xenentodon cancila","Dendrocygna javanica"
"52","Channa punctata","Dendrocygna javanica"
"53","Channa striata","Dendrocygna javanica"
"54","Channa gachua","Dendrocygna javanica"
"55","Oreochromis niloticus","Dendrocygna javanica"
"56","Puntius vittatus","Dendrocygna javanica"
"57","Rasbora daniconius","Dendrocygna javanica"
"58","Pethia phutunio","Dendrocygna javanica"
"59","Glossogobius giuris","Dendrocygna javanica"
"60","Heteropneustes fossilis","Dendrocygna javanica"
"61","Macrognathus pancalus","Dendrocygna javanica"
"62","Mastacembelus armatus","Dendrocygna javanica"
"63","Notopterus notopterus","Dendrocygna javanica"
"64","Trichogaster lalius","Dendrocygna javanica"
"65","Trichogaster fasciata","Dendrocygna javanica"
"66","Pila globosa","Dendrocygna javanica"
"67","Filopaludina bengalensis","Dendrocygna javanica"
"68","Idiopoma dissimilis","Dendrocygna javanica"
"69","Melanoides tuberculata","Dendrocygna javanica"
"70","Tarebia lineata","Dendrocygna javanica"
"71","Bithynia pulchella","Dendrocygna javanica"
"72","Gabbia orcula","Dendrocygna javanica"
"73","Radix rufescens","Dendrocygna javanica"
"74","Racesina luteola","Dendrocygna javanica"
"75","Herbaceous aquatic plants","Dendrocygna javanica"
"76","Big fish juveniles","Dendrocygna javanica"
"77","Herbaceous aquatic plants","Nettapus coromandelianus"
"78","Macrobrachium malcolmsonii","Nettapus coromandelianus"
"79","Macrobrachium rosenbergii","Nettapus coromandelianus"
"80","Macrobrachium rude","Nettapus coromandelianus"
"81","Macrobrachium equidens","Nettapus coromandelianus"
"82","Diplonychus annulatus","Nettapus coromandelianus"
"83","Diplonychus rusticus","Nettapus coromandelianus"
"84","Aquarius adelaides","Nettapus coromandelianus"
"85","Limnogonus fossarum","Nettapus coromandelianus"
"86","Laccotrephes griseus","Nettapus coromandelianus"
"87","Laccotrephes ruber","Nettapus coromandelianus"
"88","Ranatra elongata","Nettapus coromandelianus"
"89","Ranatra filiformis","Nettapus coromandelianus"
"90","Ranatra varipes","Nettapus coromandelianus"
"91","Anisops campbelli","Nettapus coromandelianus"
"92","Hydrovatus confertus","Nettapus coromandelianus"
"93","Herbaceous aquatic plants","Anas poecilorhyncha"
"94","Diplonychus annulatus","Anas poecilorhyncha"
"95","Diplonychus rusticus","Anas poecilorhyncha"
"96","Aquarius adelaides","Anas poecilorhyncha"
"97","Limnogonus fossarum","Anas poecilorhyncha"
"98","Laccotrephes griseus","Anas poecilorhyncha"
"99","Laccotrephes ruber","Anas poecilorhyncha"
"100","Ranatra elongata","Anas poecilorhyncha"
"101","Ranatra filiformis","Anas poecilorhyncha"
"102","Ranatra varipes","Anas poecilorhyncha"
"103","Anisops campbelli","Anas poecilorhyncha"
"104","Hydrovatus confertus","Anas poecilorhyncha"
"105","Pila globosa","Tachybaptus ruficollis"
"106","Filopaludina bengalensis","Tachybaptus ruficollis"
"107","Melanoides tuberculata","Tachybaptus ruficollis"
"108","Tarebia lineata","Tachybaptus ruficollis"
"109","Bithynia pulchella","Tachybaptus ruficollis"
"110","Gabbia orcula","Tachybaptus ruficollis"
"111","Radix rufescens","Tachybaptus ruficollis"
"112","Racesina luteola","Tachybaptus ruficollis"
"113","Gyraulus barrackporensis","Tachybaptus ruficollis"
"114","Gyraulus convexiusculus","Tachybaptus ruficollis"
"115","Gyraulus euphraticus","Tachybaptus ruficollis"
"116","Indoplanorbis exustus","Tachybaptus ruficollis"
"117","Parambassis baculis","Tachybaptus ruficollis"
"118","Aplocheilus panchax","Tachybaptus ruficollis"
"119","Badis badis","Tachybaptus ruficollis"
"120","Puntius vittatus","Tachybaptus ruficollis"
"121","Rasbora daniconius","Tachybaptus ruficollis"
"122","Pethia phutunio","Tachybaptus ruficollis"
"123","Trichogaster lalius","Tachybaptus ruficollis"
"124","Trichogaster fasciata","Tachybaptus ruficollis"
"125","Big fish juveniles","Tachybaptus ruficollis"
"126","Macrobrachium malcolmsonii","Tachybaptus ruficollis"
"127","Macrobrachium rosenbergii","Tachybaptus ruficollis"
"128","Macrobrachium rude","Tachybaptus ruficollis"
"129","Macrobrachium equidens","Tachybaptus ruficollis"
"130","Diplonychus annulatus","Tachybaptus ruficollis"
"131","Diplonychus rusticus","Tachybaptus ruficollis"
"132","Aquarius adelaides","Tachybaptus ruficollis"
"133","Limnogonus fossarum","Tachybaptus ruficollis"
"134","Laccotrephes griseus","Tachybaptus ruficollis"
"135","Laccotrephes ruber","Tachybaptus ruficollis"
"136","Ranatra elongata","Tachybaptus ruficollis"
"137","Ranatra filiformis","Tachybaptus ruficollis"
"138","Ranatra varipes","Tachybaptus ruficollis"
"139","Anisops campbelli","Tachybaptus ruficollis"
"140","Hydrovatus confertus","Tachybaptus ruficollis"
"142","Diplonychus annulatus","Centropus bengalensis"
"143","Diplonychus rusticus","Centropus bengalensis"
"144","Aquarius adelaides","Centropus bengalensis"
"145","Limnogonus fossarum","Centropus bengalensis"
"146","Laccotrephes griseus","Centropus bengalensis"
"147","Laccotrephes ruber","Centropus bengalensis"
"148","Ranatra elongata","Centropus bengalensis"
"149","Ranatra filiformis","Centropus bengalensis"
"150","Ranatra varipes","Centropus bengalensis"
"151","Anisops campbelli","Centropus bengalensis"
"152","Hydrovatus confertus","Centropus bengalensis"
"153","Duttaphrynus melanostictus","Centropus bengalensis"
"154","Duttaphrynus scaber","Centropus bengalensis"
"155","Fejervarya orissaensis","Centropus bengalensis"
"156","Minervarya agricola","Centropus bengalensis"
"157","Minervarya pierrei","Centropus bengalensis"
"158","Euphlyctis cyanophlyctis","Centropus bengalensis"
"159","Hoplobatrachus tigerinus","Centropus bengalensis"
"160","Hoplobatrachus crassus","Centropus bengalensis"
"161","Uperodon systoma","Centropus bengalensis"
"162","Polypedates maculatus","Centropus bengalensis"
"163","Pila globosa","Centropus bengalensis"
"164","Filopaludina bengalensis","Centropus bengalensis"
"165","Melanoides tuberculata","Centropus bengalensis"
"166","Tarebia lineata","Centropus bengalensis"
"167","Bithynia pulchella","Centropus bengalensis"
"168","Gabbia orcula","Centropus bengalensis"
"169","Radix rufescens","Centropus bengalensis"
"170","Racesina luteola","Centropus bengalensis"
"171","Gyraulus barrackporensis","Centropus bengalensis"
"172","Gyraulus convexiusculus","Centropus bengalensis"
"173","Gyraulus euphraticus","Centropus bengalensis"
"174","Indoplanorbis exustus","Centropus bengalensis"
"175","Herbaceous aquatic plants","Gallinula chloropus"
"176","Diplonychus annulatus","Gallinula chloropus"
"177","Diplonychus rusticus","Gallinula chloropus"
"178","Aquarius adelaides","Gallinula chloropus"
"179","Limnogonus fossarum","Gallinula chloropus"
"180","Laccotrephes griseus","Gallinula chloropus"
"181","Laccotrephes ruber","Gallinula chloropus"
"182","Ranatra elongata","Gallinula chloropus"
"183","Ranatra filiformis","Gallinula chloropus"
"184","Ranatra varipes","Gallinula chloropus"
"185","Anisops campbelli","Gallinula chloropus"
"186","Hydrovatus confertus","Gallinula chloropus"
"187","Duttaphrynus melanostictus","Gallinula chloropus"
"188","Duttaphrynus scaber","Gallinula chloropus"
"189","Fejervarya orissaensis","Gallinula chloropus"
"190","Minervarya agricola","Gallinula chloropus"
"191","Minervarya pierrei","Gallinula chloropus"
"192","Euphlyctis cyanophlyctis","Gallinula chloropus"
"193","Hoplobatrachus tigerinus","Gallinula chloropus"
"194","Hoplobatrachus crassus","Gallinula chloropus"
"195","Uperodon systoma","Gallinula chloropus"
"196","Polypedates maculatus","Gallinula chloropus"
"197","Herbaceous aquatic plants","Porphyrio poliocephalus"
"198","Diplonychus annulatus","Porphyrio poliocephalus"
"199","Diplonychus rusticus","Porphyrio poliocephalus"
"200","Aquarius adelaides","Porphyrio poliocephalus"
"201","Limnogonus fossarum","Porphyrio poliocephalus"
"202","Laccotrephes griseus","Porphyrio poliocephalus"
"203","Laccotrephes ruber","Porphyrio poliocephalus"
"204","Ranatra elongata","Porphyrio poliocephalus"
"205","Ranatra filiformis","Porphyrio poliocephalus"
"206","Ranatra varipes","Porphyrio poliocephalus"
"207","Anisops campbelli","Porphyrio poliocephalus"
"208","Hydrovatus confertus","Porphyrio poliocephalus"
"209","Pila globosa","Porphyrio poliocephalus"
"210","Filopaludina bengalensis","Porphyrio poliocephalus"
"211","Melanoides tuberculata","Porphyrio poliocephalus"
"212","Tarebia lineata","Porphyrio poliocephalus"
"213","Bithynia pulchella","Porphyrio poliocephalus"
"214","Gabbia orcula","Porphyrio poliocephalus"
"215","Radix rufescens","Porphyrio poliocephalus"
"216","Racesina luteola","Porphyrio poliocephalus"
"217","Gyraulus barrackporensis","Porphyrio poliocephalus"
"218","Gyraulus convexiusculus","Porphyrio poliocephalus"
"219","Gyraulus euphraticus","Porphyrio poliocephalus"
"220","Indoplanorbis exustus","Porphyrio poliocephalus"
"221","Herbaceous aquatic plants","Amaurornis phoenicurus"
"222","Diplonychus annulatus","Amaurornis phoenicurus"
"223","Diplonychus rusticus","Amaurornis phoenicurus"
"224","Aquarius adelaides","Amaurornis phoenicurus"
"225","Limnogonus fossarum","Amaurornis phoenicurus"
"226","Laccotrephes griseus","Amaurornis phoenicurus"
"227","Laccotrephes ruber","Amaurornis phoenicurus"
"228","Ranatra elongata","Amaurornis phoenicurus"
"229","Ranatra filiformis","Amaurornis phoenicurus"
"230","Ranatra varipes","Amaurornis phoenicurus"
"231","Anisops campbelli","Amaurornis phoenicurus"
"232","Hydrovatus confertus","Amaurornis phoenicurus"
"233","Parambassis baculis","Amaurornis phoenicurus"
"234","Aplocheilus panchax","Amaurornis phoenicurus"
"235","Badis badis","Amaurornis phoenicurus"
"236","Puntius vittatus","Amaurornis phoenicurus"
"237","Rasbora daniconius","Amaurornis phoenicurus"
"238","Pethia phutunio","Amaurornis phoenicurus"
"239","Trichogaster lalius","Amaurornis phoenicurus"
"240","Trichogaster fasciata","Amaurornis phoenicurus"
"241","Pila globosa","Amaurornis phoenicurus"
"242","Filopaludina bengalensis","Amaurornis phoenicurus"
"243","Melanoides tuberculata","Amaurornis phoenicurus"
"244","Tarebia lineata","Amaurornis phoenicurus"
"245","Bithynia pulchella","Amaurornis phoenicurus"
"246","Gabbia orcula","Amaurornis phoenicurus"
"247","Radix rufescens","Amaurornis phoenicurus"
"248","Racesina luteola","Amaurornis phoenicurus"
"249","Gyraulus barrackporensis","Amaurornis phoenicurus"
"250","Gyraulus convexiusculus","Amaurornis phoenicurus"
"251","Gyraulus euphraticus","Amaurornis phoenicurus"
"252","Indoplanorbis exustus","Amaurornis phoenicurus"
"253","Big fish juveniles","Amaurornis phoenicurus"
"254","Pila globosa","Himantopus himantopus"
"255","Filopaludina bengalensis","Himantopus himantopus"
"256","Melanoides tuberculata","Himantopus himantopus"
"257","Tarebia lineata","Himantopus himantopus"
"258","Bithynia pulchella","Himantopus himantopus"
"259","Gabbia orcula","Himantopus himantopus"
"260","Radix rufescens","Himantopus himantopus"
"261","Racesina luteola","Himantopus himantopus"
"262","Gyraulus barrackporensis","Himantopus himantopus"
"263","Gyraulus convexiusculus","Himantopus himantopus"
"264","Gyraulus euphraticus","Himantopus himantopus"
"265","Indoplanorbis exustus","Himantopus himantopus"
"266","Diplonychus annulatus","Himantopus himantopus"
"267","Diplonychus rusticus","Himantopus himantopus"
"268","Aquarius adelaides","Himantopus himantopus"
"269","Limnogonus fossarum","Himantopus himantopus"
"270","Laccotrephes griseus","Himantopus himantopus"
"271","Laccotrephes ruber","Himantopus himantopus"
"272","Ranatra elongata","Himantopus himantopus"
"273","Ranatra filiformis","Himantopus himantopus"
"274","Ranatra varipes","Himantopus himantopus"
"275","Anisops campbelli","Himantopus himantopus"
"276","Hydrovatus confertus","Himantopus himantopus"
"277","Pila globosa","Vanellus indicus"
"278","Filopaludina bengalensis","Vanellus indicus"
"279","Melanoides tuberculata","Vanellus indicus"
"280","Tarebia lineata","Vanellus indicus"
"281","Bithynia pulchella","Vanellus indicus"
"282","Gabbia orcula","Vanellus indicus"
"283","Radix rufescens","Vanellus indicus"
"284","Racesina luteola","Vanellus indicus"
"285","Gyraulus barrackporensis","Vanellus indicus"
"286","Gyraulus convexiusculus","Vanellus indicus"
"287","Gyraulus euphraticus","Vanellus indicus"
"288","Indoplanorbis exustus","Vanellus indicus"
"289","Diplonychus annulatus","Vanellus indicus"
"290","Diplonychus rusticus","Vanellus indicus"
"291","Aquarius adelaides","Vanellus indicus"
"292","Limnogonus fossarum","Vanellus indicus"
"293","Laccotrephes griseus","Vanellus indicus"
"294","Laccotrephes ruber","Vanellus indicus"
"295","Ranatra elongata","Vanellus indicus"
"296","Ranatra filiformis","Vanellus indicus"
"297","Ranatra varipes","Vanellus indicus"
"298","Anisops campbelli","Vanellus indicus"
"299","Hydrovatus confertus","Vanellus indicus"
"300","Herbaceous aquatic plants","Metopidius indicus"
"301","Diplonychus annulatus","Metopidius indicus"
"302","Diplonychus rusticus","Metopidius indicus"
"303","Aquarius adelaides","Metopidius indicus"
"304","Limnogonus fossarum","Metopidius indicus"
"305","Laccotrephes griseus","Metopidius indicus"
"306","Laccotrephes ruber","Metopidius indicus"
"307","Ranatra elongata","Metopidius indicus"
"308","Ranatra filiformis","Metopidius indicus"
"309","Ranatra varipes","Metopidius indicus"
"310","Anisops campbelli","Metopidius indicus"
"311","Hydrovatus confertus","Metopidius indicus"
"312","Pila globosa","Metopidius indicus"
"313","Filopaludina bengalensis","Metopidius indicus"
"314","Melanoides tuberculata","Metopidius indicus"
"315","Tarebia lineata","Metopidius indicus"
"316","Bithynia pulchella","Metopidius indicus"
"317","Gabbia orcula","Metopidius indicus"
"318","Radix rufescens","Metopidius indicus"
"319","Racesina luteola","Metopidius indicus"
"320","Gyraulus barrackporensis","Metopidius indicus"
"321","Gyraulus convexiusculus","Metopidius indicus"
"322","Gyraulus euphraticus","Metopidius indicus"
"323","Indoplanorbis exustus","Metopidius indicus"
"324","Herbaceous aquatic plants","Hydrophasianus chirurgus"
"325","Diplonychus annulatus","Hydrophasianus chirurgus"
"326","Diplonychus rusticus","Hydrophasianus chirurgus"
"327","Aquarius adelaides","Hydrophasianus chirurgus"
"328","Limnogonus fossarum","Hydrophasianus chirurgus"
"329","Laccotrephes griseus","Hydrophasianus chirurgus"
"330","Laccotrephes ruber","Hydrophasianus chirurgus"
"331","Ranatra elongata","Hydrophasianus chirurgus"
"332","Ranatra filiformis","Hydrophasianus chirurgus"
"333","Ranatra varipes","Hydrophasianus chirurgus"
"334","Anisops campbelli","Hydrophasianus chirurgus"
"335","Hydrovatus confertus","Hydrophasianus chirurgus"
"336","Pila globosa","Hydrophasianus chirurgus"
"337","Filopaludina bengalensis","Hydrophasianus chirurgus"
"338","Melanoides tuberculata","Hydrophasianus chirurgus"
"339","Tarebia lineata","Hydrophasianus chirurgus"
"340","Bithynia pulchella","Hydrophasianus chirurgus"
"341","Gabbia orcula","Hydrophasianus chirurgus"
"342","Radix rufescens","Hydrophasianus chirurgus"
"343","Racesina luteola","Hydrophasianus chirurgus"
"344","Gyraulus barrackporensis","Hydrophasianus chirurgus"
"345","Gyraulus convexiusculus","Hydrophasianus chirurgus"
"346","Gyraulus euphraticus","Hydrophasianus chirurgus"
"347","Indoplanorbis exustus","Hydrophasianus chirurgus"
"348","Pila globosa","Anastomus oscitans"
"349","Filopaludina bengalensis","Anastomus oscitans"
"350","Melanoides tuberculata","Anastomus oscitans"
"351","Tarebia lineata","Anastomus oscitans"
"352","Bithynia pulchella","Anastomus oscitans"
"353","Gabbia orcula","Anastomus oscitans"
"354","Radix rufescens","Anastomus oscitans"
"355","Racesina luteola","Anastomus oscitans"
"356","Gyraulus barrackporensis","Anastomus oscitans"
"357","Gyraulus convexiusculus","Anastomus oscitans"
"358","Gyraulus euphraticus","Anastomus oscitans"
"359","Indoplanorbis exustus","Anastomus oscitans"
"360","Fejervarya orissaensis","Anastomus oscitans"
"361","Minervarya agricola","Anastomus oscitans"
"362","Minervarya pierrei","Anastomus oscitans"
"363","Uperodon systoma","Anastomus oscitans"
"364","Polypedates maculatus","Anastomus oscitans"
"365","Parambassis baculis","Anastomus oscitans"
"366","Aplocheilus panchax","Anastomus oscitans"
"367","Badis badis","Anastomus oscitans"
"368","Puntius vittatus","Anastomus oscitans"
"369","Rasbora daniconius","Anastomus oscitans"
"370","Pethia phutunio","Anastomus oscitans"
"371","Trichogaster lalius","Anastomus oscitans"
"372","Trichogaster fasciata","Anastomus oscitans"
"373","Big fish juveniles","Anastomus oscitans"
"374","Parambassis baculis","Mycteria leucocephala"
"375","Aplocheilus panchax","Mycteria leucocephala"
"376","Netuma thalassina","Mycteria leucocephala"
"377","Badis badis","Mycteria leucocephala"
"378","Mystus tengara","Mycteria leucocephala"
"379","Mystus vittatus","Mycteria leucocephala"
"380","Xenentodon cancila","Mycteria leucocephala"
"381","Channa punctata","Mycteria leucocephala"
"382","Channa striata","Mycteria leucocephala"
"383","Channa gachua","Mycteria leucocephala"
"384","Oreochromis niloticus","Mycteria leucocephala"
"385","Puntius vittatus","Mycteria leucocephala"
"386","Rasbora daniconius","Mycteria leucocephala"
"387","Pethia phutunio","Mycteria leucocephala"
"388","Glossogobius giuris","Mycteria leucocephala"
"389","Heteropneustes fossilis","Mycteria leucocephala"
"390","Macrognathus pancalus","Mycteria leucocephala"
"391","Mastacembelus armatus","Mycteria leucocephala"
"392","Notopterus notopterus","Mycteria leucocephala"
"393","Trichogaster lalius","Mycteria leucocephala"
"394","Trichogaster fasciata","Mycteria leucocephala"
"395","Duttaphrynus melanostictus","Mycteria leucocephala"
"396","Duttaphrynus scaber","Mycteria leucocephala"
"397","Fejervarya orissaensis","Mycteria leucocephala"
"398","Minervarya agricola","Mycteria leucocephala"
"399","Minervarya pierrei","Mycteria leucocephala"
"400","Euphlyctis cyanophlyctis","Mycteria leucocephala"
"401","Hoplobatrachus tigerinus","Mycteria leucocephala"
"402","Hoplobatrachus crassus","Mycteria leucocephala"
"403","Uperodon systoma","Mycteria leucocephala"
"404","Polypedates maculatus","Mycteria leucocephala"
"405","Diplonychus annulatus","Mycteria leucocephala"
"406","Diplonychus rusticus","Mycteria leucocephala"
"407","Aquarius adelaides","Mycteria leucocephala"
"408","Limnogonus fossarum","Mycteria leucocephala"
"409","Laccotrephes griseus","Mycteria leucocephala"
"410","Laccotrephes ruber","Mycteria leucocephala"
"411","Ranatra elongata","Mycteria leucocephala"
"412","Ranatra filiformis","Mycteria leucocephala"
"413","Ranatra varipes","Mycteria leucocephala"
"414","Anisops campbelli","Mycteria leucocephala"
"415","Hydrovatus confertus","Mycteria leucocephala"
"416","Big fish juveniles","Mycteria leucocephala"
"417","Parambassis baculis","Microcarbo niger"
"418","Aplocheilus panchax","Microcarbo niger"
"419","Badis badis","Microcarbo niger"
"420","Puntius vittatus","Microcarbo niger"
"421","Rasbora daniconius","Microcarbo niger"
"422","Pethia phutunio","Microcarbo niger"
"423","Trichogaster lalius","Microcarbo niger"
"424","Trichogaster fasciata","Microcarbo niger"
"425","Duttaphrynus melanostictus","Microcarbo niger"
"426","Duttaphrynus scaber","Microcarbo niger"
"427","Fejervarya orissaensis","Microcarbo niger"
"428","Minervarya agricola","Microcarbo niger"
"429","Minervarya pierrei","Microcarbo niger"
"430","Euphlyctis cyanophlyctis","Microcarbo niger"
"431","Hoplobatrachus tigerinus","Microcarbo niger"
"432","Hoplobatrachus crassus","Microcarbo niger"
"433","Uperodon systoma","Microcarbo niger"
"434","Polypedates maculatus","Microcarbo niger"
"435","Macrobrachium malcolmsonii","Microcarbo niger"
"436","Macrobrachium rosenbergii","Microcarbo niger"
"437","Macrobrachium rude","Microcarbo niger"
"438","Macrobrachium equidens","Microcarbo niger"
"439","Big fish juveniles","Microcarbo niger"
"440","Parambassis baculis","Ardea purpurea"
"441","Aplocheilus panchax","Ardea purpurea"
"442","Badis badis","Ardea purpurea"
"443","Puntius vittatus","Ardea purpurea"
"444","Rasbora daniconius","Ardea purpurea"
"445","Pethia phutunio","Ardea purpurea"
"446","Trichogaster lalius","Ardea purpurea"
"447","Trichogaster fasciata","Ardea purpurea"
"448","Enhydris enhydris","Ardea purpurea"
"449","Fowlea piscator","Ardea purpurea"
"450","Duttaphrynus melanostictus","Ardea purpurea"
"451","Duttaphrynus scaber","Ardea purpurea"
"452","Fejervarya orissaensis","Ardea purpurea"
"453","Minervarya agricola","Ardea purpurea"
"454","Minervarya pierrei","Ardea purpurea"
"455","Euphlyctis cyanophlyctis","Ardea purpurea"
"456","Hoplobatrachus tigerinus","Ardea purpurea"
"457","Hoplobatrachus crassus","Ardea purpurea"
"458","Uperodon systoma","Ardea purpurea"
"459","Polypedates maculatus","Ardea purpurea"
"460","Diplonychus annulatus","Ardea purpurea"
"461","Diplonychus rusticus","Ardea purpurea"
"462","Aquarius adelaides","Ardea purpurea"
"463","Limnogonus fossarum","Ardea purpurea"
"464","Laccotrephes griseus","Ardea purpurea"
"465","Laccotrephes ruber","Ardea purpurea"
"466","Ranatra elongata","Ardea purpurea"
"467","Ranatra filiformis","Ardea purpurea"
"468","Ranatra varipes","Ardea purpurea"
"469","Anisops campbelli","Ardea purpurea"
"470","Hydrovatus confertus","Ardea purpurea"
"471","Big fish juveniles","Ardea purpurea"
"472","Parambassis baculis","Ardea alba"
"473","Aplocheilus panchax","Ardea alba"
"474","Badis badis","Ardea alba"
"475","Puntius vittatus","Ardea alba"
"476","Rasbora daniconius","Ardea alba"
"477","Pethia phutunio","Ardea alba"
"478","Trichogaster lalius","Ardea alba"
"479","Trichogaster fasciata","Ardea alba"
"480","Duttaphrynus melanostictus","Ardea alba"
"481","Duttaphrynus scaber","Ardea alba"
"482","Fejervarya orissaensis","Ardea alba"
"483","Minervarya agricola","Ardea alba"
"484","Minervarya pierrei","Ardea alba"
"485","Euphlyctis cyanophlyctis","Ardea alba"
"486","Hoplobatrachus tigerinus","Ardea alba"
"487","Hoplobatrachus crassus","Ardea alba"
"488","Uperodon systoma","Ardea alba"
"489","Polypedates maculatus","Ardea alba"
"490","Diplonychus annulatus","Ardea alba"
"491","Diplonychus rusticus","Ardea alba"
"492","Aquarius adelaides","Ardea alba"
"493","Limnogonus fossarum","Ardea alba"
"494","Laccotrephes griseus","Ardea alba"
"495","Laccotrephes ruber","Ardea alba"
"496","Ranatra elongata","Ardea alba"
"497","Ranatra filiformis","Ardea alba"
"498","Ranatra varipes","Ardea alba"
"499","Anisops campbelli","Ardea alba"
"500","Hydrovatus confertus","Ardea alba"
"501","Big fish juveniles","Ardea alba"
"502","Parambassis baculis","Ardea intermedia"
"503","Aplocheilus panchax","Ardea intermedia"
"504","Badis badis","Ardea intermedia"
"505","Puntius vittatus","Ardea intermedia"
"506","Rasbora daniconius","Ardea intermedia"
"507","Pethia phutunio","Ardea intermedia"
"508","Trichogaster lalius","Ardea intermedia"
"509","Trichogaster fasciata","Ardea intermedia"
"510","Duttaphrynus melanostictus","Ardea intermedia"
"511","Duttaphrynus scaber","Ardea intermedia"
"512","Fejervarya orissaensis","Ardea intermedia"
"513","Minervarya agricola","Ardea intermedia"
"514","Minervarya pierrei","Ardea intermedia"
"515","Euphlyctis cyanophlyctis","Ardea intermedia"
"516","Hoplobatrachus tigerinus","Ardea intermedia"
"517","Hoplobatrachus crassus","Ardea intermedia"
"518","Uperodon systoma","Ardea intermedia"
"519","Polypedates maculatus","Ardea intermedia"
"520","Diplonychus annulatus","Ardea intermedia"
"521","Diplonychus rusticus","Ardea intermedia"
"522","Aquarius adelaides","Ardea intermedia"
"523","Limnogonus fossarum","Ardea intermedia"
"524","Laccotrephes griseus","Ardea intermedia"
"525","Laccotrephes ruber","Ardea intermedia"
"526","Ranatra elongata","Ardea intermedia"
"527","Ranatra filiformis","Ardea intermedia"
"528","Ranatra varipes","Ardea intermedia"
"529","Anisops campbelli","Ardea intermedia"
"530","Hydrovatus confertus","Ardea intermedia"
"531","Big fish juveniles","Ardea intermedia"
"532","Parambassis baculis","Egretta garzetta"
"533","Aplocheilus panchax","Egretta garzetta"
"534","Badis badis","Egretta garzetta"
"535","Puntius vittatus","Egretta garzetta"
"536","Rasbora daniconius","Egretta garzetta"
"537","Pethia phutunio","Egretta garzetta"
"538","Trichogaster lalius","Egretta garzetta"
"539","Trichogaster fasciata","Egretta garzetta"
"540","Duttaphrynus melanostictus","Egretta garzetta"
"541","Duttaphrynus scaber","Egretta garzetta"
"542","Fejervarya orissaensis","Egretta garzetta"
"543","Minervarya agricola","Egretta garzetta"
"544","Minervarya pierrei","Egretta garzetta"
"545","Euphlyctis cyanophlyctis","Egretta garzetta"
"546","Hoplobatrachus tigerinus","Egretta garzetta"
"547","Hoplobatrachus crassus","Egretta garzetta"
"548","Uperodon systoma","Egretta garzetta"
"549","Polypedates maculatus","Egretta garzetta"
"550","Diplonychus annulatus","Egretta garzetta"
"551","Diplonychus rusticus","Egretta garzetta"
"552","Aquarius adelaides","Egretta garzetta"
"553","Limnogonus fossarum","Egretta garzetta"
"554","Laccotrephes griseus","Egretta garzetta"
"555","Laccotrephes ruber","Egretta garzetta"
"556","Ranatra elongata","Egretta garzetta"
"557","Ranatra filiformis","Egretta garzetta"
"558","Ranatra varipes","Egretta garzetta"
"559","Anisops campbelli","Egretta garzetta"
"560","Hydrovatus confertus","Egretta garzetta"
"561","Macrobrachium malcolmsonii","Egretta garzetta"
"562","Macrobrachium rosenbergii","Egretta garzetta"
"563","Macrobrachium rude","Egretta garzetta"
"564","Macrobrachium equidens","Egretta garzetta"
"565","Big fish juveniles","Egretta garzetta"
"566","Parambassis baculis","Bubulcus ibis"
"567","Aplocheilus panchax","Bubulcus ibis"
"568","Badis badis","Bubulcus ibis"
"569","Puntius vittatus","Bubulcus ibis"
"570","Rasbora daniconius","Bubulcus ibis"
"571","Pethia phutunio","Bubulcus ibis"
"572","Trichogaster lalius","Bubulcus ibis"
"573","Trichogaster fasciata","Bubulcus ibis"
"574","Diplonychus annulatus","Bubulcus ibis"
"575","Diplonychus rusticus","Bubulcus ibis"
"576","Aquarius adelaides","Bubulcus ibis"
"577","Limnogonus fossarum","Bubulcus ibis"
"578","Laccotrephes griseus","Bubulcus ibis"
"579","Laccotrephes ruber","Bubulcus ibis"
"580","Ranatra elongata","Bubulcus ibis"
"581","Ranatra filiformis","Bubulcus ibis"
"582","Ranatra varipes","Bubulcus ibis"
"583","Anisops campbelli","Bubulcus ibis"
"584","Hydrovatus confertus","Bubulcus ibis"
"585","Big fish juveniles","Bubulcus ibis"
"586","Parambassis baculis","Ardeola grayii"
"587","Aplocheilus panchax","Ardeola grayii"
"588","Badis badis","Ardeola grayii"
"589","Puntius vittatus","Ardeola grayii"
"590","Rasbora daniconius","Ardeola grayii"
"591","Pethia phutunio","Ardeola grayii"
"592","Trichogaster lalius","Ardeola grayii"
"593","Trichogaster fasciata","Ardeola grayii"
"594","Duttaphrynus melanostictus","Ardeola grayii"
"595","Duttaphrynus scaber","Ardeola grayii"
"596","Fejervarya orissaensis","Ardeola grayii"
"597","Minervarya agricola","Ardeola grayii"
"598","Minervarya pierrei","Ardeola grayii"
"599","Euphlyctis cyanophlyctis","Ardeola grayii"
"600","Hoplobatrachus tigerinus","Ardeola grayii"
"601","Hoplobatrachus crassus","Ardeola grayii"
"602","Uperodon systoma","Ardeola grayii"
"603","Polypedates maculatus","Ardeola grayii"
"604","Diplonychus annulatus","Ardeola grayii"
"605","Diplonychus rusticus","Ardeola grayii"
"606","Aquarius adelaides","Ardeola grayii"
"607","Limnogonus fossarum","Ardeola grayii"
"608","Laccotrephes griseus","Ardeola grayii"
"609","Laccotrephes ruber","Ardeola grayii"
"610","Ranatra elongata","Ardeola grayii"
"611","Ranatra filiformis","Ardeola grayii"
"612","Ranatra varipes","Ardeola grayii"
"613","Anisops campbelli","Ardeola grayii"
"614","Hydrovatus confertus","Ardeola grayii"
"615","Macrobrachium malcolmsonii","Ardeola grayii"
"616","Macrobrachium rosenbergii","Ardeola grayii"
"617","Macrobrachium rude","Ardeola grayii"
"618","Macrobrachium equidens","Ardeola grayii"
"619","Big fish juveniles","Ardeola grayii"
"620","Parambassis baculis","Nycticorax nycticorax"
"621","Aplocheilus panchax","Nycticorax nycticorax"
"622","Badis badis","Nycticorax nycticorax"
"623","Puntius vittatus","Nycticorax nycticorax"
"624","Rasbora daniconius","Nycticorax nycticorax"
"625","Pethia phutunio","Nycticorax nycticorax"
"626","Trichogaster lalius","Nycticorax nycticorax"
"627","Trichogaster fasciata","Nycticorax nycticorax"
"628","Duttaphrynus melanostictus","Nycticorax nycticorax"
"629","Duttaphrynus scaber","Nycticorax nycticorax"
"630","Fejervarya orissaensis","Nycticorax nycticorax"
"631","Minervarya agricola","Nycticorax nycticorax"
"632","Minervarya pierrei","Nycticorax nycticorax"
"633","Euphlyctis cyanophlyctis","Nycticorax nycticorax"
"634","Hoplobatrachus tigerinus","Nycticorax nycticorax"
"635","Hoplobatrachus crassus","Nycticorax nycticorax"
"636","Uperodon systoma","Nycticorax nycticorax"
"637","Polypedates maculatus","Nycticorax nycticorax"
"638","Diplonychus annulatus","Nycticorax nycticorax"
"639","Diplonychus rusticus","Nycticorax nycticorax"
"640","Aquarius adelaides","Nycticorax nycticorax"
"641","Limnogonus fossarum","Nycticorax nycticorax"
"642","Laccotrephes griseus","Nycticorax nycticorax"
"643","Laccotrephes ruber","Nycticorax nycticorax"
"644","Ranatra elongata","Nycticorax nycticorax"
"645","Ranatra filiformis","Nycticorax nycticorax"
"646","Ranatra varipes","Nycticorax nycticorax"
"647","Anisops campbelli","Nycticorax nycticorax"
"648","Hydrovatus confertus","Nycticorax nycticorax"
"649","Big fish juveniles","Nycticorax nycticorax"
"650","Parambassis baculis","Haliaeetus leucogaster"
"651","Aplocheilus panchax","Haliaeetus leucogaster"
"652","Netuma thalassina","Haliaeetus leucogaster"
"653","Badis badis","Haliaeetus leucogaster"
"654","Mystus tengara","Haliaeetus leucogaster"
"655","Mystus vittatus","Haliaeetus leucogaster"
"656","Xenentodon cancila","Haliaeetus leucogaster"
"657","Channa punctata","Haliaeetus leucogaster"
"658","Channa striata","Haliaeetus leucogaster"
"659","Channa gachua","Haliaeetus leucogaster"
"660","Oreochromis niloticus","Haliaeetus leucogaster"
"661","Puntius vittatus","Haliaeetus leucogaster"
"662","Rasbora daniconius","Haliaeetus leucogaster"
"663","Pethia phutunio","Haliaeetus leucogaster"
"664","Glossogobius giuris","Haliaeetus leucogaster"
"665","Heteropneustes fossilis","Haliaeetus leucogaster"
"666","Macrognathus pancalus","Haliaeetus leucogaster"
"667","Mastacembelus armatus","Haliaeetus leucogaster"
"668","Notopterus notopterus","Haliaeetus leucogaster"
"669","Trichogaster lalius","Haliaeetus leucogaster"
"670","Trichogaster fasciata","Haliaeetus leucogaster"
"671","Enhydris enhydris","Haliaeetus leucogaster"
"672","Fowlea piscator","Haliaeetus leucogaster"
"673","Bungarus fasciatus","Haliaeetus leucogaster"
"674","Naja naja","Haliaeetus leucogaster"
"675","Big fish juveniles","Haliaeetus leucogaster"
"676","Enhydris enhydris","Spilornis cheela"
"677","Fowlea piscator","Spilornis cheela"
"678","Bungarus fasciatus","Spilornis cheela"
"679","Naja naja","Spilornis cheela"
"680","Parambassis baculis","Alcedo atthis"
"681","Aplocheilus panchax","Alcedo atthis"
"682","Badis badis","Alcedo atthis"
"683","Puntius vittatus","Alcedo atthis"
"684","Rasbora daniconius","Alcedo atthis"
"685","Pethia phutunio","Alcedo atthis"
"686","Trichogaster lalius","Alcedo atthis"
"687","Trichogaster fasciata","Alcedo atthis"
"688","Fejervarya orissaensis","Alcedo atthis"
"689","Minervarya agricola","Alcedo atthis"
"690","Minervarya pierrei","Alcedo atthis"
"691","Uperodon systoma","Alcedo atthis"
"692","Polypedates maculatus","Alcedo atthis"
"693","Diplonychus annulatus","Alcedo atthis"
"694","Diplonychus rusticus","Alcedo atthis"
"695","Aquarius adelaides","Alcedo atthis"
"696","Limnogonus fossarum","Alcedo atthis"
"697","Laccotrephes griseus","Alcedo atthis"
"698","Laccotrephes ruber","Alcedo atthis"
"699","Ranatra elongata","Alcedo atthis"
"700","Ranatra filiformis","Alcedo atthis"
"701","Ranatra varipes","Alcedo atthis"
"702","Anisops campbelli","Alcedo atthis"
"703","Hydrovatus confertus","Alcedo atthis"
"704","Big fish juveniles","Alcedo atthis"
"705","Parambassis baculis","Halcyon smyrnensis"
"706","Aplocheilus panchax","Halcyon smyrnensis"
"707","Badis badis","Halcyon smyrnensis"
"708","Puntius vittatus","Halcyon smyrnensis"
"709","Rasbora daniconius","Halcyon smyrnensis"
"710","Pethia phutunio","Halcyon smyrnensis"
"711","Trichogaster lalius","Halcyon smyrnensis"
"712","Trichogaster fasciata","Halcyon smyrnensis"
"713","Fejervarya orissaensis","Halcyon smyrnensis"
"714","Minervarya agricola","Halcyon smyrnensis"
"715","Minervarya pierrei","Halcyon smyrnensis"
"716","Uperodon systoma","Halcyon smyrnensis"
"717","Polypedates maculatus","Halcyon smyrnensis"
"718","Diplonychus annulatus","Halcyon smyrnensis"
"719","Diplonychus rusticus","Halcyon smyrnensis"
"720","Aquarius adelaides","Halcyon smyrnensis"
"721","Limnogonus fossarum","Halcyon smyrnensis"
"722","Laccotrephes griseus","Halcyon smyrnensis"
"723","Laccotrephes ruber","Halcyon smyrnensis"
"724","Ranatra elongata","Halcyon smyrnensis"
"725","Ranatra filiformis","Halcyon smyrnensis"
"726","Ranatra varipes","Halcyon smyrnensis"
"727","Anisops campbelli","Halcyon smyrnensis"
"728","Hydrovatus confertus","Halcyon smyrnensis"
"729","Big fish juveniles","Halcyon smyrnensis"
"730","Parambassis baculis","Ceryle rudis"
"731","Aplocheilus panchax","Ceryle rudis"
"732","Badis badis","Ceryle rudis"
"733","Puntius vittatus","Ceryle rudis"
"734","Rasbora daniconius","Ceryle rudis"
"735","Pethia phutunio","Ceryle rudis"
"736","Trichogaster lalius","Ceryle rudis"
"737","Trichogaster fasciata","Ceryle rudis"
"738","Fejervarya orissaensis","Ceryle rudis"
"739","Minervarya agricola","Ceryle rudis"
"740","Minervarya pierrei","Ceryle rudis"
"741","Uperodon systoma","Ceryle rudis"
"742","Polypedates maculatus","Ceryle rudis"
"743","Diplonychus annulatus","Ceryle rudis"
"744","Diplonychus rusticus","Ceryle rudis"
"745","Aquarius adelaides","Ceryle rudis"
"746","Limnogonus fossarum","Ceryle rudis"
"747","Laccotrephes griseus","Ceryle rudis"
"748","Laccotrephes ruber","Ceryle rudis"
"749","Ranatra elongata","Ceryle rudis"
"750","Ranatra filiformis","Ceryle rudis"
"751","Ranatra varipes","Ceryle rudis"
"752","Anisops campbelli","Ceryle rudis"
"753","Hydrovatus confertus","Ceryle rudis"
"754","Big fish juveniles","Ceryle rudis"
"755","Odonata sp.","Merops orientalis"
"756","Odonata sp.","Coracias benghalensis"
"757","Duttaphrynus melanostictus","Coracias benghalensis"
"758","Duttaphrynus scaber","Coracias benghalensis"
"759","Fejervarya orissaensis","Coracias benghalensis"
"760","Minervarya agricola","Coracias benghalensis"
"761","Minervarya pierrei","Coracias benghalensis"
"762","Euphlyctis cyanophlyctis","Coracias benghalensis"
"763","Hoplobatrachus tigerinus","Coracias benghalensis"
"764","Hoplobatrachus crassus","Coracias benghalensis"
"765","Uperodon systoma","Coracias benghalensis"
"766","Polypedates maculatus","Coracias benghalensis"
"767","Enhydris enhydris","Coracias benghalensis"
"768","Fowlea piscator","Coracias benghalensis"
"769","Odonata sp.","Oriolus kundoo"
"770","Odonata sp.","Oriolus xanthornus"
"771","Diplonychus annulatus","Hirundo rustica"
"772","Diplonychus rusticus","Hirundo rustica"
"773","Aquarius adelaides","Hirundo rustica"
"774","Limnogonus fossarum","Hirundo rustica"
"775","Laccotrephes griseus","Hirundo rustica"
"776","Laccotrephes ruber","Hirundo rustica"
"777","Ranatra elongata","Hirundo rustica"
"778","Ranatra filiformis","Hirundo rustica"
"779","Ranatra varipes","Hirundo rustica"
"780","Anisops campbelli","Hirundo rustica"
"781","Hydrovatus confertus","Hirundo rustica"
"782","Duttaphrynus melanostictus","Acridotheres ginginianus"
"783","Duttaphrynus scaber","Acridotheres ginginianus"
"784","Fejervarya orissaensis","Acridotheres ginginianus"
"785","Minervarya agricola","Acridotheres ginginianus"
"786","Minervarya pierrei","Acridotheres ginginianus"
"787","Euphlyctis cyanophlyctis","Acridotheres ginginianus"
"788","Hoplobatrachus tigerinus","Acridotheres ginginianus"
"789","Hoplobatrachus crassus","Acridotheres ginginianus"
"790","Uperodon systoma","Acridotheres ginginianus"
"791","Polypedates maculatus","Acridotheres ginginianus"
"792","Diplonychus annulatus","Motacilla citreola"
"793","Diplonychus rusticus","Motacilla citreola"
"794","Aquarius adelaides","Motacilla citreola"
"795","Limnogonus fossarum","Motacilla citreola"
"796","Laccotrephes griseus","Motacilla citreola"
"797","Laccotrephes ruber","Motacilla citreola"
"798","Ranatra elongata","Motacilla citreola"
"799","Ranatra filiformis","Motacilla citreola"
"800","Ranatra varipes","Motacilla citreola"
"801","Anisops campbelli","Motacilla citreola"
"802","Hydrovatus confertus","Motacilla citreola"
"814","Diplonychus annulatus","Duttaphrynus melanostictus"
"815","Diplonychus rusticus","Duttaphrynus melanostictus"
"816","Aquarius adelaides","Duttaphrynus melanostictus"
"817","Limnogonus fossarum","Duttaphrynus melanostictus"
"818","Laccotrephes griseus","Duttaphrynus melanostictus"
"819","Laccotrephes ruber","Duttaphrynus melanostictus"
"820","Ranatra elongata","Duttaphrynus melanostictus"
"821","Ranatra filiformis","Duttaphrynus melanostictus"
"822","Ranatra varipes","Duttaphrynus melanostictus"
"823","Anisops campbelli","Duttaphrynus melanostictus"
"824","Hydrovatus confertus","Duttaphrynus melanostictus"
"825","Pila globosa","Duttaphrynus melanostictus"
"826","Filopaludina bengalensis","Duttaphrynus melanostictus"
"827","Melanoides tuberculata","Duttaphrynus melanostictus"
"828","Tarebia lineata","Duttaphrynus melanostictus"
"829","Bithynia pulchella","Duttaphrynus melanostictus"
"830","Gabbia orcula","Duttaphrynus melanostictus"
"831","Radix rufescens","Duttaphrynus melanostictus"
"832","Racesina luteola","Duttaphrynus melanostictus"
"833","Gyraulus barrackporensis","Duttaphrynus melanostictus"
"834","Gyraulus convexiusculus","Duttaphrynus melanostictus"
"835","Gyraulus euphraticus","Duttaphrynus melanostictus"
"836","Indoplanorbis exustus","Duttaphrynus melanostictus"
"837","Diplonychus annulatus","Duttaphrynus scaber"
"838","Diplonychus rusticus","Duttaphrynus scaber"
"839","Aquarius adelaides","Duttaphrynus scaber"
"840","Limnogonus fossarum","Duttaphrynus scaber"
"841","Laccotrephes griseus","Duttaphrynus scaber"
"842","Laccotrephes ruber","Duttaphrynus scaber"
"843","Ranatra elongata","Duttaphrynus scaber"
"844","Ranatra filiformis","Duttaphrynus scaber"
"845","Ranatra varipes","Duttaphrynus scaber"
"846","Anisops campbelli","Duttaphrynus scaber"
"847","Hydrovatus confertus","Duttaphrynus scaber"
"848","Pila globosa","Duttaphrynus scaber"
"849","Filopaludina bengalensis","Duttaphrynus scaber"
"850","Melanoides tuberculata","Duttaphrynus scaber"
"851","Tarebia lineata","Duttaphrynus scaber"
"852","Bithynia pulchella","Duttaphrynus scaber"
"853","Gabbia orcula","Duttaphrynus scaber"
"854","Radix rufescens","Duttaphrynus scaber"
"855","Racesina luteola","Duttaphrynus scaber"
"856","Gyraulus barrackporensis","Duttaphrynus scaber"
"857","Gyraulus convexiusculus","Duttaphrynus scaber"
"858","Gyraulus euphraticus","Duttaphrynus scaber"
"859","Indoplanorbis exustus","Duttaphrynus scaber"
"860","Diplonychus annulatus","Fejervarya orissaensis"
"861","Diplonychus rusticus","Fejervarya orissaensis"
"862","Aquarius adelaides","Fejervarya orissaensis"
"863","Limnogonus fossarum","Fejervarya orissaensis"
"864","Laccotrephes griseus","Fejervarya orissaensis"
"865","Laccotrephes ruber","Fejervarya orissaensis"
"866","Ranatra elongata","Fejervarya orissaensis"
"867","Ranatra filiformis","Fejervarya orissaensis"
"868","Ranatra varipes","Fejervarya orissaensis"
"869","Anisops campbelli","Fejervarya orissaensis"
"870","Hydrovatus confertus","Fejervarya orissaensis"
"871","Diplonychus annulatus","Minervarya agricola"
"872","Diplonychus rusticus","Minervarya agricola"
"873","Aquarius adelaides","Minervarya agricola"
"874","Limnogonus fossarum","Minervarya agricola"
"875","Laccotrephes griseus","Minervarya agricola"
"876","Laccotrephes ruber","Minervarya agricola"
"877","Ranatra elongata","Minervarya agricola"
"878","Ranatra filiformis","Minervarya agricola"
"879","Ranatra varipes","Minervarya agricola"
"880","Anisops campbelli","Minervarya agricola"
"881","Hydrovatus confertus","Minervarya agricola"
"882","Pila globosa","Minervarya agricola"
"883","Filopaludina bengalensis","Minervarya agricola"
"884","Melanoides tuberculata","Minervarya agricola"
"885","Tarebia lineata","Minervarya agricola"
"886","Bithynia pulchella","Minervarya agricola"
"887","Gabbia orcula","Minervarya agricola"
"888","Radix rufescens","Minervarya agricola"
"889","Racesina luteola","Minervarya agricola"
"890","Gyraulus barrackporensis","Minervarya agricola"
"891","Gyraulus convexiusculus","Minervarya agricola"
"892","Gyraulus euphraticus","Minervarya agricola"
"893","Indoplanorbis exustus","Minervarya agricola"
"894","Diplonychus annulatus","Minervarya pierrei"
"895","Diplonychus rusticus","Minervarya pierrei"
"896","Aquarius adelaides","Minervarya pierrei"
"897","Limnogonus fossarum","Minervarya pierrei"
"898","Laccotrephes griseus","Minervarya pierrei"
"899","Laccotrephes ruber","Minervarya pierrei"
"900","Ranatra elongata","Minervarya pierrei"
"901","Ranatra filiformis","Minervarya pierrei"
"902","Ranatra varipes","Minervarya pierrei"
"903","Anisops campbelli","Minervarya pierrei"
"904","Hydrovatus confertus","Minervarya pierrei"
"905","Pila globosa","Minervarya pierrei"
"906","Filopaludina bengalensis","Minervarya pierrei"
"907","Melanoides tuberculata","Minervarya pierrei"
"908","Tarebia lineata","Minervarya pierrei"
"909","Bithynia pulchella","Minervarya pierrei"
"910","Gabbia orcula","Minervarya pierrei"
"911","Radix rufescens","Minervarya pierrei"
"912","Racesina luteola","Minervarya pierrei"
"913","Gyraulus barrackporensis","Minervarya pierrei"
"914","Gyraulus convexiusculus","Minervarya pierrei"
"915","Gyraulus euphraticus","Minervarya pierrei"
"916","Indoplanorbis exustus","Minervarya pierrei"
"917","Diplonychus annulatus","Euphlyctis cyanophlyctis"
"918","Diplonychus rusticus","Euphlyctis cyanophlyctis"
"919","Aquarius adelaides","Euphlyctis cyanophlyctis"
"920","Limnogonus fossarum","Euphlyctis cyanophlyctis"
"921","Laccotrephes griseus","Euphlyctis cyanophlyctis"
"922","Laccotrephes ruber","Euphlyctis cyanophlyctis"
"923","Ranatra elongata","Euphlyctis cyanophlyctis"
"924","Ranatra filiformis","Euphlyctis cyanophlyctis"
"925","Ranatra varipes","Euphlyctis cyanophlyctis"
"926","Anisops campbelli","Euphlyctis cyanophlyctis"
"927","Hydrovatus confertus","Euphlyctis cyanophlyctis"
"928","Diplonychus annulatus","Hoplobatrachus tigerinus"
"929","Diplonychus rusticus","Hoplobatrachus tigerinus"
"930","Aquarius adelaides","Hoplobatrachus tigerinus"
"931","Limnogonus fossarum","Hoplobatrachus tigerinus"
"932","Laccotrephes griseus","Hoplobatrachus tigerinus"
"933","Laccotrephes ruber","Hoplobatrachus tigerinus"
"934","Ranatra elongata","Hoplobatrachus tigerinus"
"935","Ranatra filiformis","Hoplobatrachus tigerinus"
"936","Ranatra varipes","Hoplobatrachus tigerinus"
"937","Anisops campbelli","Hoplobatrachus tigerinus"
"938","Hydrovatus confertus","Hoplobatrachus tigerinus"
"939","Duttaphrynus melanostictus","Hoplobatrachus tigerinus"
"940","Duttaphrynus scaber","Hoplobatrachus tigerinus"
"941","Fejervarya orissaensis","Hoplobatrachus tigerinus"
"942","Minervarya agricola","Hoplobatrachus tigerinus"
"943","Minervarya pierrei","Hoplobatrachus tigerinus"
"944","Euphlyctis cyanophlyctis","Hoplobatrachus tigerinus"
"945","Hoplobatrachus crassus","Hoplobatrachus tigerinus"
"946","Uperodon systoma","Hoplobatrachus tigerinus"
"947","Polypedates maculatus","Hoplobatrachus tigerinus"
"948","Enhydris enhydris","Hoplobatrachus tigerinus"
"949","Fowlea piscator","Hoplobatrachus tigerinus"
"950","Bungarus fasciatus","Hoplobatrachus tigerinus"
"951","Diplonychus annulatus","Hoplobatrachus crassus"
"952","Diplonychus rusticus","Hoplobatrachus crassus"
"953","Aquarius adelaides","Hoplobatrachus crassus"
"954","Limnogonus fossarum","Hoplobatrachus crassus"
"955","Laccotrephes griseus","Hoplobatrachus crassus"
"956","Laccotrephes ruber","Hoplobatrachus crassus"
"957","Ranatra elongata","Hoplobatrachus crassus"
"958","Ranatra filiformis","Hoplobatrachus crassus"
"959","Ranatra varipes","Hoplobatrachus crassus"
"960","Anisops campbelli","Hoplobatrachus crassus"
"961","Hydrovatus confertus","Hoplobatrachus crassus"
"962","Fejervarya orissaensis","Hoplobatrachus crassus"
"963","Minervarya pierrei","Hoplobatrachus crassus"
"964","Euphlyctis cyanophlyctis","Hoplobatrachus crassus"
"965","Uperodon systoma","Hoplobatrachus crassus"
"966","Enhydris enhydris","Hoplobatrachus crassus"
"967","Fowlea piscator","Hoplobatrachus crassus"
"968","Bungarus fasciatus","Hoplobatrachus crassus"
"969","Diplonychus annulatus","Uperodon systoma"
"970","Diplonychus rusticus","Uperodon systoma"
"971","Aquarius adelaides","Uperodon systoma"
"972","Limnogonus fossarum","Uperodon systoma"
"973","Laccotrephes griseus","Uperodon systoma"
"974","Laccotrephes ruber","Uperodon systoma"
"975","Ranatra elongata","Uperodon systoma"
"976","Ranatra filiformis","Uperodon systoma"
"977","Ranatra varipes","Uperodon systoma"
"978","Anisops campbelli","Uperodon systoma"
"979","Hydrovatus confertus","Uperodon systoma"
"980","Diplonychus annulatus","Polypedates maculatus"
"981","Diplonychus rusticus","Polypedates maculatus"
"982","Aquarius adelaides","Polypedates maculatus"
"983","Limnogonus fossarum","Polypedates maculatus"
"984","Laccotrephes griseus","Polypedates maculatus"
"985","Laccotrephes ruber","Polypedates maculatus"
"986","Ranatra elongata","Polypedates maculatus"
"987","Ranatra filiformis","Polypedates maculatus"
"988","Ranatra varipes","Polypedates maculatus"
"989","Anisops campbelli","Polypedates maculatus"
"990","Hydrovatus confertus","Polypedates maculatus"
"991","Duttaphrynus melanostictus","Varanus bengalensis"
"992","Duttaphrynus scaber","Varanus bengalensis"
"993","Fejervarya orissaensis","Varanus bengalensis"
"994","Minervarya agricola","Varanus bengalensis"
"995","Minervarya pierrei","Varanus bengalensis"
"996","Euphlyctis cyanophlyctis","Varanus bengalensis"
"997","Hoplobatrachus tigerinus","Varanus bengalensis"
"998","Hoplobatrachus crassus","Varanus bengalensis"
"999","Uperodon systoma","Varanus bengalensis"
"1000","Polypedates maculatus","Varanus bengalensis"
"1001","Fowlea piscator","Varanus bengalensis"
"1002","Parambassis baculis","Enhydris enhydris"
"1003","Aplocheilus panchax","Enhydris enhydris"
"1004","Badis badis","Enhydris enhydris"
"1005","Puntius vittatus","Enhydris enhydris"
"1006","Rasbora daniconius","Enhydris enhydris"
"1007","Pethia phutunio","Enhydris enhydris"
"1008","Trichogaster lalius","Enhydris enhydris"
"1009","Trichogaster fasciata","Enhydris enhydris"
"1010","Fejervarya orissaensis","Enhydris enhydris"
"1011","Minervarya agricola","Enhydris enhydris"
"1012","Minervarya pierrei","Enhydris enhydris"
"1013","Uperodon systoma","Enhydris enhydris"
"1014","Polypedates maculatus","Enhydris enhydris"
"1015","Big fish juveniles","Enhydris enhydris"
"1016","Parambassis baculis","Fowlea piscator"
"1017","Aplocheilus panchax","Fowlea piscator"
"1018","Badis badis","Fowlea piscator"
"1019","Puntius vittatus","Fowlea piscator"
"1020","Rasbora daniconius","Fowlea piscator"
"1021","Pethia phutunio","Fowlea piscator"
"1022","Trichogaster lalius","Fowlea piscator"
"1023","Trichogaster fasciata","Fowlea piscator"
"1024","Fejervarya orissaensis","Fowlea piscator"
"1025","Minervarya agricola","Fowlea piscator"
"1026","Minervarya pierrei","Fowlea piscator"
"1027","Euphlyctis cyanophlyctis","Fowlea piscator"
"1028","Hoplobatrachus tigerinus","Fowlea piscator"
"1029","Hoplobatrachus crassus","Fowlea piscator"
"1030","Uperodon systoma","Fowlea piscator"
"1031","Big fish juveniles","Fowlea piscator"
"1032","Parambassis baculis","Bungarus fasciatus"
"1033","Aplocheilus panchax","Bungarus fasciatus"
"1034","Badis badis","Bungarus fasciatus"
"1035","Puntius vittatus","Bungarus fasciatus"
"1036","Rasbora daniconius","Bungarus fasciatus"
"1037","Pethia phutunio","Bungarus fasciatus"
"1038","Trichogaster lalius","Bungarus fasciatus"
"1039","Trichogaster fasciata","Bungarus fasciatus"
"1040","Duttaphrynus melanostictus","Bungarus fasciatus"
"1041","Duttaphrynus scaber","Bungarus fasciatus"
"1042","Fejervarya orissaensis","Bungarus fasciatus"
"1043","Minervarya agricola","Bungarus fasciatus"
"1044","Minervarya pierrei","Bungarus fasciatus"
"1045","Euphlyctis cyanophlyctis","Bungarus fasciatus"
"1046","Hoplobatrachus tigerinus","Bungarus fasciatus"
"1047","Hoplobatrachus crassus","Bungarus fasciatus"
"1048","Uperodon systoma","Bungarus fasciatus"
"1049","Polypedates maculatus","Bungarus fasciatus"
"1050","Enhydris enhydris","Bungarus fasciatus"
"1051","Fowlea piscator","Bungarus fasciatus"
"1052","Big fish juveniles","Bungarus fasciatus"
"1053","Duttaphrynus melanostictus","Naja naja"
"1054","Duttaphrynus scaber","Naja naja"
"1055","Fejervarya orissaensis","Naja naja"
"1056","Minervarya agricola","Naja naja"
"1057","Minervarya pierrei","Naja naja"
"1058","Euphlyctis cyanophlyctis","Naja naja"
"1059","Hoplobatrachus tigerinus","Naja naja"
"1060","Hoplobatrachus crassus","Naja naja"
"1061","Uperodon systoma","Naja naja"
"1062","Duttaphrynus melanostictus","Lissemys punctata"
"1063","Duttaphrynus scaber","Lissemys punctata"
"1064","Fejervarya orissaensis","Lissemys punctata"
"1065","Minervarya agricola","Lissemys punctata"
"1066","Minervarya pierrei","Lissemys punctata"
"1067","Euphlyctis cyanophlyctis","Lissemys punctata"
"1068","Hoplobatrachus tigerinus","Lissemys punctata"
"1069","Hoplobatrachus crassus","Lissemys punctata"
"1070","Uperodon systoma","Lissemys punctata"
"1071","Polypedates maculatus","Lissemys punctata"
"1072","Parambassis baculis","Lissemys punctata"
"1073","Aplocheilus panchax","Lissemys punctata"
"1074","Badis badis","Lissemys punctata"
"1075","Puntius vittatus","Lissemys punctata"
"1076","Rasbora daniconius","Lissemys punctata"
"1077","Pethia phutunio","Lissemys punctata"
"1078","Trichogaster lalius","Lissemys punctata"
"1079","Trichogaster fasciata","Lissemys punctata"
"1080","Macrobrachium malcolmsonii","Lissemys punctata"
"1081","Macrobrachium rosenbergii","Lissemys punctata"
"1082","Macrobrachium rude","Lissemys punctata"
"1083","Macrobrachium equidens","Lissemys punctata"
"1084","Pila globosa","Lissemys punctata"
"1085","Filopaludina bengalensis","Lissemys punctata"
"1086","Melanoides tuberculata","Lissemys punctata"
"1087","Tarebia lineata","Lissemys punctata"
"1088","Bithynia pulchella","Lissemys punctata"
"1089","Gabbia orcula","Lissemys punctata"
"1090","Radix rufescens","Lissemys punctata"
"1091","Racesina luteola","Lissemys punctata"
"1092","Gyraulus barrackporensis","Lissemys punctata"
"1093","Gyraulus convexiusculus","Lissemys punctata"
"1094","Gyraulus euphraticus","Lissemys punctata"
"1095","Indoplanorbis exustus","Lissemys punctata"
"1096","Diplonychus annulatus","Lissemys punctata"
"1097","Diplonychus rusticus","Lissemys punctata"
"1098","Aquarius adelaides","Lissemys punctata"
"1099","Limnogonus fossarum","Lissemys punctata"
"1100","Laccotrephes griseus","Lissemys punctata"
"1101","Laccotrephes ruber","Lissemys punctata"
"1102","Ranatra elongata","Lissemys punctata"
"1103","Ranatra filiformis","Lissemys punctata"
"1104","Ranatra varipes","Lissemys punctata"
"1105","Anisops campbelli","Lissemys punctata"
"1106","Hydrovatus confertus","Lissemys punctata"
"1107","Detritus","Lissemys punctata"
"1108","Herbaceous aquatic plants","Lissemys punctata"
"1109","Big fish juveniles","Lissemys punctata"
"1110","Mosquito larvae","Parambassis baculis"
"1111","Diplonychus annulatus","Parambassis baculis"
"1112","Diplonychus rusticus","Parambassis baculis"
"1113","Aquarius adelaides","Parambassis baculis"
"1114","Limnogonus fossarum","Parambassis baculis"
"1115","Laccotrephes griseus","Parambassis baculis"
"1116","Laccotrephes ruber","Parambassis baculis"
"1117","Ranatra elongata","Parambassis baculis"
"1118","Ranatra filiformis","Parambassis baculis"
"1119","Ranatra varipes","Parambassis baculis"
"1120","Anisops campbelli","Parambassis baculis"
"1121","Hydrovatus confertus","Parambassis baculis"
"1122","Diplonychus annulatus","Aplocheilus panchax"
"1123","Diplonychus rusticus","Aplocheilus panchax"
"1124","Aquarius adelaides","Aplocheilus panchax"
"1125","Limnogonus fossarum","Aplocheilus panchax"
"1126","Laccotrephes griseus","Aplocheilus panchax"
"1127","Laccotrephes ruber","Aplocheilus panchax"
"1128","Ranatra elongata","Aplocheilus panchax"
"1129","Ranatra filiformis","Aplocheilus panchax"
"1130","Ranatra varipes","Aplocheilus panchax"
"1131","Anisops campbelli","Aplocheilus panchax"
"1132","Hydrovatus confertus","Aplocheilus panchax"
"1133","Macrobrachium malcolmsonii","Netuma thalassina"
"1134","Macrobrachium rosenbergii","Netuma thalassina"
"1135","Macrobrachium rude","Netuma thalassina"
"1136","Macrobrachium equidens","Netuma thalassina"
"1137","Parambassis baculis","Netuma thalassina"
"1138","Aplocheilus panchax","Netuma thalassina"
"1139","Badis badis","Netuma thalassina"
"1140","Mystus tengara","Netuma thalassina"
"1141","Mystus vittatus","Netuma thalassina"
"1142","Xenentodon cancila","Netuma thalassina"
"1143","Channa punctata","Netuma thalassina"
"1144","Channa striata","Netuma thalassina"
"1145","Channa gachua","Netuma thalassina"
"1146","Oreochromis niloticus","Netuma thalassina"
"1147","Puntius vittatus","Netuma thalassina"
"1148","Rasbora daniconius","Netuma thalassina"
"1149","Pethia phutunio","Netuma thalassina"
"1150","Glossogobius giuris","Netuma thalassina"
"1151","Heteropneustes fossilis","Netuma thalassina"
"1152","Macrognathus pancalus","Netuma thalassina"
"1153","Mastacembelus armatus","Netuma thalassina"
"1154","Notopterus notopterus","Netuma thalassina"
"1155","Trichogaster lalius","Netuma thalassina"
"1156","Trichogaster fasciata","Netuma thalassina"
"1157","Pila globosa","Netuma thalassina"
"1158","Filopaludina bengalensis","Netuma thalassina"
"1159","Melanoides tuberculata","Netuma thalassina"
"1160","Tarebia lineata","Netuma thalassina"
"1161","Bithynia pulchella","Netuma thalassina"
"1162","Gabbia orcula","Netuma thalassina"
"1163","Radix rufescens","Netuma thalassina"
"1164","Racesina luteola","Netuma thalassina"
"1165","Gyraulus barrackporensis","Netuma thalassina"
"1166","Gyraulus convexiusculus","Netuma thalassina"
"1167","Gyraulus euphraticus","Netuma thalassina"
"1168","Indoplanorbis exustus","Netuma thalassina"
"1169","Big fish juveniles","Netuma thalassina"
"1170","Macrobrachium malcolmsonii","Badis badis"
"1171","Macrobrachium rosenbergii","Badis badis"
"1172","Macrobrachium rude","Badis badis"
"1173","Macrobrachium equidens","Badis badis"
"1174","Diplonychus annulatus","Badis badis"
"1175","Diplonychus rusticus","Badis badis"
"1176","Aquarius adelaides","Badis badis"
"1177","Limnogonus fossarum","Badis badis"
"1178","Laccotrephes griseus","Badis badis"
"1179","Laccotrephes ruber","Badis badis"
"1180","Ranatra elongata","Badis badis"
"1181","Ranatra filiformis","Badis badis"
"1182","Ranatra varipes","Badis badis"
"1183","Anisops campbelli","Badis badis"
"1184","Hydrovatus confertus","Badis badis"
"1185","Arcella discoides","Badis badis"
"1186","Centropyxis aculeata","Badis badis"
"1187","Brachionus calyciflorus","Badis badis"
"1188","Brachionus forficula","Badis badis"
"1189","Keratella lenzi","Badis badis"
"1190","Lecane aculeata","Badis badis"
"1191","Lecane bulla","Badis badis"
"1192","Asplanchna brightwelli","Badis badis"
"1193","Mesocyclops leukarti","Badis badis"
"1194","Scapholeberis kingi","Badis badis"
"1195","Macrothrix spinosa","Badis badis"
"1196","Macrothrix goeldi","Badis badis"
"1197","Alona pulchella","Badis badis"
"1198","Coronatella rectangula","Badis badis"
"1199","Arcella discoides","Mystus tengara"
"1200","Centropyxis aculeata","Mystus tengara"
"1201","Brachionus calyciflorus","Mystus tengara"
"1202","Brachionus forficula","Mystus tengara"
"1203","Keratella lenzi","Mystus tengara"
"1204","Lecane aculeata","Mystus tengara"
"1205","Lecane bulla","Mystus tengara"
"1206","Asplanchna brightwelli","Mystus tengara"
"1207","Mesocyclops leukarti","Mystus tengara"
"1208","Scapholeberis kingi","Mystus tengara"
"1209","Macrothrix spinosa","Mystus tengara"
"1210","Macrothrix goeldi","Mystus tengara"
"1211","Alona pulchella","Mystus tengara"
"1212","Coronatella rectangula","Mystus tengara"
"1213","Arcella discoides","Mystus vittatus"
"1214","Centropyxis aculeata","Mystus vittatus"
"1215","Brachionus calyciflorus","Mystus vittatus"
"1216","Brachionus forficula","Mystus vittatus"
"1217","Keratella lenzi","Mystus vittatus"
"1218","Lecane aculeata","Mystus vittatus"
"1219","Lecane bulla","Mystus vittatus"
"1220","Asplanchna brightwelli","Mystus vittatus"
"1221","Mesocyclops leukarti","Mystus vittatus"
"1222","Scapholeberis kingi","Mystus vittatus"
"1223","Macrothrix spinosa","Mystus vittatus"
"1224","Macrothrix goeldi","Mystus vittatus"
"1225","Alona pulchella","Mystus vittatus"
"1226","Coronatella rectangula","Mystus vittatus"
"1227","Green Algae","Mystus vittatus"
"1228","Macrobrachium malcolmsonii","Xenentodon cancila"
"1229","Macrobrachium rosenbergii","Xenentodon cancila"
"1230","Macrobrachium rude","Xenentodon cancila"
"1231","Macrobrachium equidens","Xenentodon cancila"
"1232","Diplonychus annulatus","Xenentodon cancila"
"1233","Diplonychus rusticus","Xenentodon cancila"
"1234","Aquarius adelaides","Xenentodon cancila"
"1235","Limnogonus fossarum","Xenentodon cancila"
"1236","Laccotrephes griseus","Xenentodon cancila"
"1237","Laccotrephes ruber","Xenentodon cancila"
"1238","Ranatra elongata","Xenentodon cancila"
"1239","Ranatra filiformis","Xenentodon cancila"
"1240","Ranatra varipes","Xenentodon cancila"
"1241","Anisops campbelli","Xenentodon cancila"
"1242","Hydrovatus confertus","Xenentodon cancila"
"1243","Macrobrachium malcolmsonii","Channa punctata"
"1244","Macrobrachium rosenbergii","Channa punctata"
"1245","Macrobrachium rude","Channa punctata"
"1246","Macrobrachium equidens","Channa punctata"
"1247","Diplonychus annulatus","Channa punctata"
"1248","Diplonychus rusticus","Channa punctata"
"1249","Aquarius adelaides","Channa punctata"
"1250","Limnogonus fossarum","Channa punctata"
"1251","Laccotrephes griseus","Channa punctata"
"1252","Laccotrephes ruber","Channa punctata"
"1253","Ranatra elongata","Channa punctata"
"1254","Ranatra filiformis","Channa punctata"
"1255","Ranatra varipes","Channa punctata"
"1256","Anisops campbelli","Channa punctata"
"1257","Hydrovatus confertus","Channa punctata"
"1258","Pila globosa","Channa punctata"
"1259","Filopaludina bengalensis","Channa punctata"
"1260","Melanoides tuberculata","Channa punctata"
"1261","Tarebia lineata","Channa punctata"
"1262","Bithynia pulchella","Channa punctata"
"1263","Gabbia orcula","Channa punctata"
"1264","Radix rufescens","Channa punctata"
"1265","Racesina luteola","Channa punctata"
"1266","Gyraulus barrackporensis","Channa punctata"
"1267","Gyraulus convexiusculus","Channa punctata"
"1268","Gyraulus euphraticus","Channa punctata"
"1269","Indoplanorbis exustus","Channa punctata"
"1270","Green Algae","Channa punctata"
"1271","Detritus","Channa punctata"
"1272","Herbaceous aquatic plants","Channa punctata"
"1273","Parambassis baculis","Channa punctata"
"1274","Aplocheilus panchax","Channa punctata"
"1275","Netuma thalassina","Channa punctata"
"1276","Badis badis","Channa punctata"
"1277","Mystus tengara","Channa punctata"
"1278","Mystus vittatus","Channa punctata"
"1279","Xenentodon cancila","Channa punctata"
"1280","Channa striata","Channa punctata"
"1281","Channa gachua","Channa punctata"
"1282","Oreochromis niloticus","Channa punctata"
"1283","Puntius vittatus","Channa punctata"
"1284","Rasbora daniconius","Channa punctata"
"1285","Pethia phutunio","Channa punctata"
"1286","Glossogobius giuris","Channa punctata"
"1287","Heteropneustes fossilis","Channa punctata"
"1288","Macrognathus pancalus","Channa punctata"
"1289","Mastacembelus armatus","Channa punctata"
"1290","Notopterus notopterus","Channa punctata"
"1291","Trichogaster lalius","Channa punctata"
"1292","Trichogaster fasciata","Channa punctata"
"1293","Big fish juveniles","Channa punctata"
"1294","Parambassis baculis","Channa striata"
"1295","Aplocheilus panchax","Channa striata"
"1296","Netuma thalassina","Channa striata"
"1297","Badis badis","Channa striata"
"1298","Mystus tengara","Channa striata"
"1299","Mystus vittatus","Channa striata"
"1300","Xenentodon cancila","Channa striata"
"1301","Channa gachua","Channa striata"
"1302","Oreochromis niloticus","Channa striata"
"1303","Puntius vittatus","Channa striata"
"1304","Rasbora daniconius","Channa striata"
"1305","Pethia phutunio","Channa striata"
"1306","Glossogobius giuris","Channa striata"
"1307","Heteropneustes fossilis","Channa striata"
"1308","Macrognathus pancalus","Channa striata"
"1309","Mastacembelus armatus","Channa striata"
"1310","Notopterus notopterus","Channa striata"
"1311","Trichogaster lalius","Channa striata"
"1312","Trichogaster fasciata","Channa striata"
"1313","Macrobrachium malcolmsonii","Channa striata"
"1314","Macrobrachium rosenbergii","Channa striata"
"1315","Macrobrachium rude","Channa striata"
"1316","Macrobrachium equidens","Channa striata"
"1317","Diplonychus annulatus","Channa striata"
"1318","Diplonychus rusticus","Channa striata"
"1319","Aquarius adelaides","Channa striata"
"1320","Limnogonus fossarum","Channa striata"
"1321","Laccotrephes griseus","Channa striata"
"1322","Laccotrephes ruber","Channa striata"
"1323","Ranatra elongata","Channa striata"
"1324","Ranatra filiformis","Channa striata"
"1325","Ranatra varipes","Channa striata"
"1326","Anisops campbelli","Channa striata"
"1327","Hydrovatus confertus","Channa striata"
"1328","Pila globosa","Channa striata"
"1329","Filopaludina bengalensis","Channa striata"
"1330","Melanoides tuberculata","Channa striata"
"1331","Tarebia lineata","Channa striata"
"1332","Bithynia pulchella","Channa striata"
"1333","Gabbia orcula","Channa striata"
"1334","Radix rufescens","Channa striata"
"1335","Racesina luteola","Channa striata"
"1336","Gyraulus barrackporensis","Channa striata"
"1337","Gyraulus convexiusculus","Channa striata"
"1338","Gyraulus euphraticus","Channa striata"
"1339","Indoplanorbis exustus","Channa striata"
"1340","Green Algae","Channa striata"
"1341","Detritus","Channa striata"
"1342","Herbaceous aquatic plants","Channa striata"
"1343","Big fish juveniles","Channa striata"
"1344","Duttaphrynus melanostictus","Channa gachua"
"1345","Duttaphrynus scaber","Channa gachua"
"1346","Fejervarya orissaensis","Channa gachua"
"1347","Minervarya agricola","Channa gachua"
"1348","Minervarya pierrei","Channa gachua"
"1349","Euphlyctis cyanophlyctis","Channa gachua"
"1350","Hoplobatrachus tigerinus","Channa gachua"
"1351","Hoplobatrachus crassus","Channa gachua"
"1352","Uperodon systoma","Channa gachua"
"1353","Polypedates maculatus","Channa gachua"
"1354","Parambassis baculis","Channa gachua"
"1355","Aplocheilus panchax","Channa gachua"
"1356","Badis badis","Channa gachua"
"1357","Puntius vittatus","Channa gachua"
"1358","Rasbora daniconius","Channa gachua"
"1359","Pethia phutunio","Channa gachua"
"1360","Trichogaster lalius","Channa gachua"
"1361","Trichogaster fasciata","Channa gachua"
"1362","Macrobrachium malcolmsonii","Channa gachua"
"1363","Macrobrachium rosenbergii","Channa gachua"
"1364","Macrobrachium rude","Channa gachua"
"1365","Macrobrachium equidens","Channa gachua"
"1366","Diplonychus annulatus","Channa gachua"
"1367","Diplonychus rusticus","Channa gachua"
"1368","Aquarius adelaides","Channa gachua"
"1369","Limnogonus fossarum","Channa gachua"
"1370","Laccotrephes griseus","Channa gachua"
"1371","Laccotrephes ruber","Channa gachua"
"1372","Ranatra elongata","Channa gachua"
"1373","Ranatra filiformis","Channa gachua"
"1374","Ranatra varipes","Channa gachua"
"1375","Anisops campbelli","Channa gachua"
"1376","Hydrovatus confertus","Channa gachua"
"1377","Pila globosa","Channa gachua"
"1378","Filopaludina bengalensis","Channa gachua"
"1379","Melanoides tuberculata","Channa gachua"
"1380","Tarebia lineata","Channa gachua"
"1381","Bithynia pulchella","Channa gachua"
"1382","Gabbia orcula","Channa gachua"
"1383","Radix rufescens","Channa gachua"
"1384","Racesina luteola","Channa gachua"
"1385","Gyraulus barrackporensis","Channa gachua"
"1386","Gyraulus convexiusculus","Channa gachua"
"1387","Gyraulus euphraticus","Channa gachua"
"1388","Indoplanorbis exustus","Channa gachua"
"1389","Green Algae","Channa gachua"
"1390","Detritus","Channa gachua"
"1391","Herbaceous aquatic plants","Channa gachua"
"1392","Big fish juveniles","Channa gachua"
"1393","Arcella discoides","Oreochromis niloticus"
"1394","Centropyxis aculeata","Oreochromis niloticus"
"1395","Brachionus calyciflorus","Oreochromis niloticus"
"1396","Brachionus forficula","Oreochromis niloticus"
"1397","Keratella lenzi","Oreochromis niloticus"
"1398","Lecane aculeata","Oreochromis niloticus"
"1399","Lecane bulla","Oreochromis niloticus"
"1400","Asplanchna brightwelli","Oreochromis niloticus"
"1401","Mesocyclops leukarti","Oreochromis niloticus"
"1402","Scapholeberis kingi","Oreochromis niloticus"
"1403","Macrothrix spinosa","Oreochromis niloticus"
"1404","Macrothrix goeldi","Oreochromis niloticus"
"1405","Alona pulchella","Oreochromis niloticus"
"1406","Coronatella rectangula","Oreochromis niloticus"
"1407","Diplonychus annulatus","Oreochromis niloticus"
"1408","Diplonychus rusticus","Oreochromis niloticus"
"1409","Aquarius adelaides","Oreochromis niloticus"
"1410","Limnogonus fossarum","Oreochromis niloticus"
"1411","Laccotrephes griseus","Oreochromis niloticus"
"1412","Laccotrephes ruber","Oreochromis niloticus"
"1413","Ranatra elongata","Oreochromis niloticus"
"1414","Ranatra filiformis","Oreochromis niloticus"
"1415","Ranatra varipes","Oreochromis niloticus"
"1416","Anisops campbelli","Oreochromis niloticus"
"1417","Hydrovatus confertus","Oreochromis niloticus"
"1418","Green Algae","Oreochromis niloticus"
"1419","Detritus","Oreochromis niloticus"
"1420","Herbaceous aquatic plants","Oreochromis niloticus"
"1421","Diplonychus annulatus","Puntius vittatus"
"1422","Diplonychus rusticus","Puntius vittatus"
"1423","Aquarius adelaides","Puntius vittatus"
"1424","Limnogonus fossarum","Puntius vittatus"
"1425","Laccotrephes griseus","Puntius vittatus"
"1426","Laccotrephes ruber","Puntius vittatus"
"1427","Ranatra elongata","Puntius vittatus"
"1428","Ranatra filiformis","Puntius vittatus"
"1429","Ranatra varipes","Puntius vittatus"
"1430","Anisops campbelli","Puntius vittatus"
"1431","Hydrovatus confertus","Puntius vittatus"
"1432","Macrobrachium malcolmsonii","Puntius vittatus"
"1433","Macrobrachium rosenbergii","Puntius vittatus"
"1434","Macrobrachium rude","Puntius vittatus"
"1435","Macrobrachium equidens","Puntius vittatus"
"1436","Diplonychus annulatus","Rasbora daniconius"
"1437","Diplonychus rusticus","Rasbora daniconius"
"1438","Aquarius adelaides","Rasbora daniconius"
"1439","Limnogonus fossarum","Rasbora daniconius"
"1440","Laccotrephes griseus","Rasbora daniconius"
"1441","Laccotrephes ruber","Rasbora daniconius"
"1442","Ranatra elongata","Rasbora daniconius"
"1443","Ranatra filiformis","Rasbora daniconius"
"1444","Ranatra varipes","Rasbora daniconius"
"1445","Anisops campbelli","Rasbora daniconius"
"1446","Hydrovatus confertus","Rasbora daniconius"
"1447","Mosquito larvae","Rasbora daniconius"
"1448","Green Algae","Rasbora daniconius"
"1449","Mesocyclops leukarti","Rasbora daniconius"
"1450","Scapholeberis kingi","Rasbora daniconius"
"1451","Odonata sp.","Rasbora daniconius"
"1452","Detritus","Rasbora daniconius"
"1453","Herbaceous aquatic plants","Rasbora daniconius"
"1454","Diplonychus annulatus","Pethia phutunio"
"1455","Diplonychus rusticus","Pethia phutunio"
"1456","Aquarius adelaides","Pethia phutunio"
"1457","Limnogonus fossarum","Pethia phutunio"
"1458","Laccotrephes griseus","Pethia phutunio"
"1459","Laccotrephes ruber","Pethia phutunio"
"1460","Ranatra elongata","Pethia phutunio"
"1461","Ranatra filiformis","Pethia phutunio"
"1462","Ranatra varipes","Pethia phutunio"
"1463","Anisops campbelli","Pethia phutunio"
"1464","Hydrovatus confertus","Pethia phutunio"
"1465","Macrobrachium malcolmsonii","Pethia phutunio"
"1466","Macrobrachium rosenbergii","Pethia phutunio"
"1467","Macrobrachium rude","Pethia phutunio"
"1468","Macrobrachium equidens","Pethia phutunio"
"1469","Arcella discoides","Pethia phutunio"
"1470","Centropyxis aculeata","Pethia phutunio"
"1471","Brachionus calyciflorus","Pethia phutunio"
"1472","Brachionus forficula","Pethia phutunio"
"1473","Keratella lenzi","Pethia phutunio"
"1474","Lecane aculeata","Pethia phutunio"
"1475","Lecane bulla","Pethia phutunio"
"1476","Asplanchna brightwelli","Pethia phutunio"
"1477","Mesocyclops leukarti","Pethia phutunio"
"1478","Scapholeberis kingi","Pethia phutunio"
"1479","Macrothrix spinosa","Pethia phutunio"
"1480","Macrothrix goeldi","Pethia phutunio"
"1481","Alona pulchella","Pethia phutunio"
"1482","Coronatella rectangula","Pethia phutunio"
"1483","Parambassis baculis","Glossogobius giuris"
"1484","Aplocheilus panchax","Glossogobius giuris"
"1485","Badis badis","Glossogobius giuris"
"1486","Puntius vittatus","Glossogobius giuris"
"1487","Rasbora daniconius","Glossogobius giuris"
"1488","Pethia phutunio","Glossogobius giuris"
"1489","Trichogaster lalius","Glossogobius giuris"
"1490","Trichogaster fasciata","Glossogobius giuris"
"1491","Diplonychus annulatus","Glossogobius giuris"
"1492","Diplonychus rusticus","Glossogobius giuris"
"1493","Aquarius adelaides","Glossogobius giuris"
"1494","Limnogonus fossarum","Glossogobius giuris"
"1495","Laccotrephes griseus","Glossogobius giuris"
"1496","Laccotrephes ruber","Glossogobius giuris"
"1497","Ranatra elongata","Glossogobius giuris"
"1498","Ranatra filiformis","Glossogobius giuris"
"1499","Ranatra varipes","Glossogobius giuris"
"1500","Anisops campbelli","Glossogobius giuris"
"1501","Hydrovatus confertus","Glossogobius giuris"
"1502","Pila globosa","Glossogobius giuris"
"1503","Filopaludina bengalensis","Glossogobius giuris"
"1504","Melanoides tuberculata","Glossogobius giuris"
"1505","Tarebia lineata","Glossogobius giuris"
"1506","Bithynia pulchella","Glossogobius giuris"
"1507","Gabbia orcula","Glossogobius giuris"
"1508","Radix rufescens","Glossogobius giuris"
"1509","Racesina luteola","Glossogobius giuris"
"1510","Gyraulus barrackporensis","Glossogobius giuris"
"1511","Gyraulus convexiusculus","Glossogobius giuris"
"1512","Gyraulus euphraticus","Glossogobius giuris"
"1513","Indoplanorbis exustus","Glossogobius giuris"
"1514","Macrobrachium malcolmsonii","Glossogobius giuris"
"1515","Macrobrachium rosenbergii","Glossogobius giuris"
"1516","Macrobrachium rude","Glossogobius giuris"
"1517","Macrobrachium equidens","Glossogobius giuris"
"1518","Herbaceous aquatic plants","Glossogobius giuris"
"1520","Green Algae","Glossogobius giuris"
"1521","Big fish juveniles","Glossogobius giuris"
"1522","Arcella discoides","Heteropneustes fossilis"
"1523","Centropyxis aculeata","Heteropneustes fossilis"
"1524","Brachionus calyciflorus","Heteropneustes fossilis"
"1525","Brachionus forficula","Heteropneustes fossilis"
"1526","Keratella lenzi","Heteropneustes fossilis"
"1527","Lecane aculeata","Heteropneustes fossilis"
"1528","Lecane bulla","Heteropneustes fossilis"
"1529","Asplanchna brightwelli","Heteropneustes fossilis"
"1530","Mesocyclops leukarti","Heteropneustes fossilis"
"1531","Scapholeberis kingi","Heteropneustes fossilis"
"1532","Macrothrix spinosa","Heteropneustes fossilis"
"1533","Macrothrix goeldi","Heteropneustes fossilis"
"1534","Alona pulchella","Heteropneustes fossilis"
"1535","Coronatella rectangula","Heteropneustes fossilis"
"1536","Macrobrachium malcolmsonii","Heteropneustes fossilis"
"1537","Macrobrachium rosenbergii","Heteropneustes fossilis"
"1538","Macrobrachium rude","Heteropneustes fossilis"
"1539","Macrobrachium equidens","Heteropneustes fossilis"
"1540","Detritus","Heteropneustes fossilis"
"1541","Herbaceous aquatic plants","Heteropneustes fossilis"
"1542","Arcella discoides","Macrognathus pancalus"
"1543","Centropyxis aculeata","Macrognathus pancalus"
"1544","Brachionus calyciflorus","Macrognathus pancalus"
"1545","Brachionus forficula","Macrognathus pancalus"
"1546","Keratella lenzi","Macrognathus pancalus"
"1547","Lecane aculeata","Macrognathus pancalus"
"1548","Lecane bulla","Macrognathus pancalus"
"1549","Asplanchna brightwelli","Macrognathus pancalus"
"1550","Mesocyclops leukarti","Macrognathus pancalus"
"1551","Scapholeberis kingi","Macrognathus pancalus"
"1552","Macrothrix spinosa","Macrognathus pancalus"
"1553","Macrothrix goeldi","Macrognathus pancalus"
"1554","Alona pulchella","Macrognathus pancalus"
"1555","Coronatella rectangula","Macrognathus pancalus"
"1556","Pila globosa","Macrognathus pancalus"
"1557","Filopaludina bengalensis","Macrognathus pancalus"
"1558","Melanoides tuberculata","Macrognathus pancalus"
"1559","Tarebia lineata","Macrognathus pancalus"
"1560","Bithynia pulchella","Macrognathus pancalus"
"1561","Gabbia orcula","Macrognathus pancalus"
"1562","Radix rufescens","Macrognathus pancalus"
"1563","Racesina luteola","Macrognathus pancalus"
"1564","Gyraulus barrackporensis","Macrognathus pancalus"
"1565","Gyraulus convexiusculus","Macrognathus pancalus"
"1566","Gyraulus euphraticus","Macrognathus pancalus"
"1567","Indoplanorbis exustus","Macrognathus pancalus"
"1568","Diplonychus annulatus","Macrognathus pancalus"
"1569","Diplonychus rusticus","Macrognathus pancalus"
"1570","Aquarius adelaides","Macrognathus pancalus"
"1571","Limnogonus fossarum","Macrognathus pancalus"
"1572","Laccotrephes griseus","Macrognathus pancalus"
"1573","Laccotrephes ruber","Macrognathus pancalus"
"1574","Ranatra elongata","Macrognathus pancalus"
"1575","Ranatra filiformis","Macrognathus pancalus"
"1576","Ranatra varipes","Macrognathus pancalus"
"1577","Anisops campbelli","Macrognathus pancalus"
"1578","Hydrovatus confertus","Macrognathus pancalus"
"1579","Herbaceous aquatic plants","Macrognathus pancalus"
"1580","Parambassis baculis","Macrognathus pancalus"
"1581","Aplocheilus panchax","Macrognathus pancalus"
"1582","Badis badis","Macrognathus pancalus"
"1583","Puntius vittatus","Macrognathus pancalus"
"1584","Rasbora daniconius","Macrognathus pancalus"
"1585","Pethia phutunio","Macrognathus pancalus"
"1586","Trichogaster lalius","Macrognathus pancalus"
"1587","Trichogaster fasciata","Macrognathus pancalus"
"1588","Big fish juveniles","Macrognathus pancalus"
"1589","Macrobrachium malcolmsonii","Mastacembelus armatus"
"1590","Macrobrachium rosenbergii","Mastacembelus armatus"
"1591","Macrobrachium rude","Mastacembelus armatus"
"1592","Macrobrachium equidens","Mastacembelus armatus"
"1593","Parambassis baculis","Mastacembelus armatus"
"1594","Aplocheilus panchax","Mastacembelus armatus"
"1595","Badis badis","Mastacembelus armatus"
"1596","Puntius vittatus","Mastacembelus armatus"
"1597","Rasbora daniconius","Mastacembelus armatus"
"1598","Pethia phutunio","Mastacembelus armatus"
"1599","Trichogaster lalius","Mastacembelus armatus"
"1600","Trichogaster fasciata","Mastacembelus armatus"
"1601","Diplonychus annulatus","Mastacembelus armatus"
"1602","Diplonychus rusticus","Mastacembelus armatus"
"1603","Aquarius adelaides","Mastacembelus armatus"
"1604","Limnogonus fossarum","Mastacembelus armatus"
"1605","Laccotrephes griseus","Mastacembelus armatus"
"1606","Laccotrephes ruber","Mastacembelus armatus"
"1607","Ranatra elongata","Mastacembelus armatus"
"1608","Ranatra filiformis","Mastacembelus armatus"
"1609","Ranatra varipes","Mastacembelus armatus"
"1610","Anisops campbelli","Mastacembelus armatus"
"1611","Hydrovatus confertus","Mastacembelus armatus"
"1612","Big fish juveniles","Mastacembelus armatus"
"1613","Arcella discoides","Notopterus notopterus"
"1614","Centropyxis aculeata","Notopterus notopterus"
"1615","Brachionus calyciflorus","Notopterus notopterus"
"1616","Brachionus forficula","Notopterus notopterus"
"1617","Keratella lenzi","Notopterus notopterus"
"1618","Lecane aculeata","Notopterus notopterus"
"1619","Lecane bulla","Notopterus notopterus"
"1620","Asplanchna brightwelli","Notopterus notopterus"
"1621","Mesocyclops leukarti","Notopterus notopterus"
"1622","Scapholeberis kingi","Notopterus notopterus"
"1623","Macrothrix spinosa","Notopterus notopterus"
"1624","Macrothrix goeldi","Notopterus notopterus"
"1625","Alona pulchella","Notopterus notopterus"
"1626","Coronatella rectangula","Notopterus notopterus"
"1627","Macrobrachium malcolmsonii","Notopterus notopterus"
"1628","Macrobrachium rosenbergii","Notopterus notopterus"
"1629","Macrobrachium rude","Notopterus notopterus"
"1630","Macrobrachium equidens","Notopterus notopterus"
"1631","Pila globosa","Notopterus notopterus"
"1632","Filopaludina bengalensis","Notopterus notopterus"
"1633","Melanoides tuberculata","Notopterus notopterus"
"1634","Tarebia lineata","Notopterus notopterus"
"1635","Bithynia pulchella","Notopterus notopterus"
"1636","Gabbia orcula","Notopterus notopterus"
"1637","Radix rufescens","Notopterus notopterus"
"1638","Racesina luteola","Notopterus notopterus"
"1639","Gyraulus barrackporensis","Notopterus notopterus"
"1640","Gyraulus convexiusculus","Notopterus notopterus"
"1641","Gyraulus euphraticus","Notopterus notopterus"
"1642","Aplocheilus panchax","Notopterus notopterus"
"1643","Badis badis","Notopterus notopterus"
"1644","Puntius vittatus","Notopterus notopterus"
"1645","Rasbora daniconius","Notopterus notopterus"
"1646","Pethia phutunio","Notopterus notopterus"
"1647","Trichogaster lalius","Notopterus notopterus"
"1648","Trichogaster fasciata","Notopterus notopterus"
"1649","Big fish juveniles","Notopterus notopterus"
"1650","Diplonychus annulatus","Notopterus notopterus"
"1651","Diplonychus rusticus","Notopterus notopterus"
"1652","Aquarius adelaides","Notopterus notopterus"
"1653","Limnogonus fossarum","Notopterus notopterus"
"1654","Laccotrephes griseus","Notopterus notopterus"
"1655","Laccotrephes ruber","Notopterus notopterus"
"1656","Ranatra elongata","Notopterus notopterus"
"1657","Ranatra filiformis","Notopterus notopterus"
"1658","Ranatra varipes","Notopterus notopterus"
"1659","Anisops campbelli","Notopterus notopterus"
"1660","Hydrovatus confertus","Notopterus notopterus"
"1661","Detritus","Notopterus notopterus"
"1662","Green Algae","Trichogaster lalius"
"1663","Arcella discoides","Trichogaster lalius"
"1664","Centropyxis aculeata","Trichogaster lalius"
"1665","Brachionus calyciflorus","Trichogaster lalius"
"1666","Brachionus forficula","Trichogaster lalius"
"1667","Keratella lenzi","Trichogaster lalius"
"1668","Lecane aculeata","Trichogaster lalius"
"1669","Lecane bulla","Trichogaster lalius"
"1670","Asplanchna brightwelli","Trichogaster lalius"
"1671","Mesocyclops leukarti","Trichogaster lalius"
"1672","Scapholeberis kingi","Trichogaster lalius"
"1673","Macrothrix spinosa","Trichogaster lalius"
"1674","Macrothrix goeldi","Trichogaster lalius"
"1675","Alona pulchella","Trichogaster lalius"
"1676","Coronatella rectangula","Trichogaster lalius"
"1677","Green Algae","Trichogaster fasciata"
"1678","Arcella discoides","Trichogaster fasciata"
"1679","Centropyxis aculeata","Trichogaster fasciata"
"1680","Brachionus calyciflorus","Trichogaster fasciata"
"1681","Brachionus forficula","Trichogaster fasciata"
"1682","Keratella lenzi","Trichogaster fasciata"
"1683","Lecane aculeata","Trichogaster fasciata"
"1684","Lecane bulla","Trichogaster fasciata"
"1685","Asplanchna brightwelli","Trichogaster fasciata"
"1686","Mesocyclops leukarti","Trichogaster fasciata"
"1687","Scapholeberis kingi","Trichogaster fasciata"
"1688","Macrothrix spinosa","Trichogaster fasciata"
"1689","Macrothrix goeldi","Trichogaster fasciata"
"1690","Alona pulchella","Trichogaster fasciata"
"1691","Coronatella rectangula","Trichogaster fasciata"
"1692","Diplonychus annulatus","Trichogaster fasciata"
"1693","Diplonychus rusticus","Trichogaster fasciata"
"1694","Aquarius adelaides","Trichogaster fasciata"
"1695","Limnogonus fossarum","Trichogaster fasciata"
"1696","Laccotrephes griseus","Trichogaster fasciata"
"1697","Laccotrephes ruber","Trichogaster fasciata"
"1698","Ranatra elongata","Trichogaster fasciata"
"1699","Ranatra filiformis","Trichogaster fasciata"
"1700","Ranatra varipes","Trichogaster fasciata"
"1701","Anisops campbelli","Trichogaster fasciata"
"1702","Hydrovatus confertus","Trichogaster fasciata"
"1703","Mosquito larvae","Trichogaster fasciata"
"1704","Detritus","Trichogaster fasciata"
"1705","Detritus","Pila globosa"
"1706","Herbaceous aquatic plants","Pila globosa"
"1707","Detritus","Filopaludina bengalensis"
"1708","Herbaceous aquatic plants","Filopaludina bengalensis"
"1709","Detritus","Idiopoma dissimilis"
"1710","Herbaceous aquatic plants","Idiopoma dissimilis"
"1711","Detritus","Melanoides tuberculata"
"1712","Herbaceous aquatic plants","Melanoides tuberculata"
"1713","Detritus","Tarebia lineata"
"1714","Herbaceous aquatic plants","Tarebia lineata"
"1715","Detritus","Bithynia pulchella"
"1716","Herbaceous aquatic plants","Bithynia pulchella"
"1717","Detritus","Gabbia orcula"
"1718","Herbaceous aquatic plants","Gabbia orcula"
"1719","Detritus","Radix rufescens"
"1720","Herbaceous aquatic plants","Radix rufescens"
"1721","Detritus","Racesina luteola"
"1722","Herbaceous aquatic plants","Racesina luteola"
"1723","Detritus","Gyraulus barrackporensis"
"1724","Herbaceous aquatic plants","Gyraulus barrackporensis"
"1725","Detritus","Gyraulus convexiusculus"
"1726","Herbaceous aquatic plants","Gyraulus convexiusculus"
"1727","Detritus","Gyraulus euphraticus"
"1728","Herbaceous aquatic plants","Gyraulus euphraticus"
"1729","Detritus","Indoplanorbis exustus"
"1730","Herbaceous aquatic plants","Indoplanorbis exustus"
"1731","Diplonychus annulatus","Macrobrachium malcolmsonii"
"1732","Diplonychus rusticus","Macrobrachium malcolmsonii"
"1733","Aquarius adelaides","Macrobrachium malcolmsonii"
"1734","Limnogonus fossarum","Macrobrachium malcolmsonii"
"1735","Laccotrephes griseus","Macrobrachium malcolmsonii"
"1736","Laccotrephes ruber","Macrobrachium malcolmsonii"
"1737","Ranatra elongata","Macrobrachium malcolmsonii"
"1738","Ranatra filiformis","Macrobrachium malcolmsonii"
"1739","Ranatra varipes","Macrobrachium malcolmsonii"
"1740","Anisops campbelli","Macrobrachium malcolmsonii"
"1741","Hydrovatus confertus","Macrobrachium malcolmsonii"
"1742","Detritus","Macrobrachium malcolmsonii"
"1743","Diplonychus annulatus","Macrobrachium rosenbergii"
"1744","Diplonychus rusticus","Macrobrachium rosenbergii"
"1745","Aquarius adelaides","Macrobrachium rosenbergii"
"1746","Limnogonus fossarum","Macrobrachium rosenbergii"
"1747","Laccotrephes griseus","Macrobrachium rosenbergii"
"1748","Laccotrephes ruber","Macrobrachium rosenbergii"
"1749","Ranatra elongata","Macrobrachium rosenbergii"
"1750","Ranatra filiformis","Macrobrachium rosenbergii"
"1751","Ranatra varipes","Macrobrachium rosenbergii"
"1752","Anisops campbelli","Macrobrachium rosenbergii"
"1753","Hydrovatus confertus","Macrobrachium rosenbergii"
"1754","Detritus","Macrobrachium rosenbergii"
"1755","Arcella discoides","Macrobrachium rude"
"1756","Centropyxis aculeata","Macrobrachium rude"
"1757","Brachionus calyciflorus","Macrobrachium rude"
"1758","Brachionus forficula","Macrobrachium rude"
"1759","Keratella lenzi","Macrobrachium rude"
"1760","Lecane aculeata","Macrobrachium rude"
"1761","Lecane bulla","Macrobrachium rude"
"1762","Asplanchna brightwelli","Macrobrachium rude"
"1763","Mesocyclops leukarti","Macrobrachium rude"
"1764","Scapholeberis kingi","Macrobrachium rude"
"1765","Macrothrix spinosa","Macrobrachium rude"
"1766","Macrothrix goeldi","Macrobrachium rude"
"1767","Alona pulchella","Macrobrachium rude"
"1768","Coronatella rectangula","Macrobrachium rude"
"1769","Green Algae","Macrobrachium equidens"
"1770","Brachionus calyciflorus","Macrobrachium equidens"
"1771","Brachionus forficula","Macrobrachium equidens"
"1772","Keratella lenzi","Macrobrachium equidens"
"1773","Lecane aculeata","Macrobrachium equidens"
"1774","Lecane bulla","Macrobrachium equidens"
"1775","Mosquito larvae","Diplonychus annulatus"
"1776","Diplonychus rusticus","Diplonychus annulatus"
"1777","Aquarius adelaides","Diplonychus annulatus"
"1778","Limnogonus fossarum","Diplonychus annulatus"
"1779","Laccotrephes griseus","Diplonychus annulatus"
"1780","Laccotrephes ruber","Diplonychus annulatus"
"1781","Ranatra elongata","Diplonychus annulatus"
"1782","Ranatra filiformis","Diplonychus annulatus"
"1783","Ranatra varipes","Diplonychus annulatus"
"1784","Anisops campbelli","Diplonychus annulatus"
"1785","Hydrovatus confertus","Diplonychus annulatus"
"1786","Diplonychus annulatus","Diplonychus rusticus"
"1787","Aquarius adelaides","Diplonychus rusticus"
"1788","Limnogonus fossarum","Diplonychus rusticus"
"1789","Laccotrephes griseus","Diplonychus rusticus"
"1790","Laccotrephes ruber","Diplonychus rusticus"
"1791","Ranatra elongata","Diplonychus rusticus"
"1792","Ranatra filiformis","Diplonychus rusticus"
"1793","Ranatra varipes","Diplonychus rusticus"
"1794","Anisops campbelli","Diplonychus rusticus"
"1795","Hydrovatus confertus","Diplonychus rusticus"
"1796","Mosquito larvae","Diplonychus rusticus"
"1797","Mosquito larvae","Aquarius adelaides"
"1798","Mosquito larvae","Limnogonus fossarum"
"1799","Mosquito larvae","Laccotrephes griseus"
"1800","Mosquito larvae","Laccotrephes ruber"
"1801","Parambassis baculis","Ranatra elongata"
"1802","Aplocheilus panchax","Ranatra elongata"
"1803","Badis badis","Ranatra elongata"
"1804","Puntius vittatus","Ranatra elongata"
"1805","Rasbora daniconius","Ranatra elongata"
"1806","Pethia phutunio","Ranatra elongata"
"1807","Trichogaster lalius","Ranatra elongata"
"1808","Trichogaster fasciata","Ranatra elongata"
"1809","Diplonychus annulatus","Ranatra elongata"
"1810","Diplonychus rusticus","Ranatra elongata"
"1811","Aquarius adelaides","Ranatra elongata"
"1812","Limnogonus fossarum","Ranatra elongata"
"1813","Laccotrephes griseus","Ranatra elongata"
"1814","Laccotrephes ruber","Ranatra elongata"
"1815","Ranatra filiformis","Ranatra elongata"
"1816","Ranatra varipes","Ranatra elongata"
"1817","Anisops campbelli","Ranatra elongata"
"1818","Hydrovatus confertus","Ranatra elongata"
"1819","Big fish juveniles","Ranatra elongata"
"1820","Mosquito larvae","Ranatra filiformis"
"1821","Diplonychus annulatus","Ranatra filiformis"
"1822","Diplonychus rusticus","Ranatra filiformis"
"1823","Aquarius adelaides","Ranatra filiformis"
"1824","Limnogonus fossarum","Ranatra filiformis"
"1825","Laccotrephes griseus","Ranatra filiformis"
"1826","Laccotrephes ruber","Ranatra filiformis"
"1827","Ranatra elongata","Ranatra filiformis"
"1828","Ranatra varipes","Ranatra filiformis"
"1829","Anisops campbelli","Ranatra filiformis"
"1830","Hydrovatus confertus","Ranatra filiformis"
"1831","Parambassis baculis","Ranatra filiformis"
"1832","Aplocheilus panchax","Ranatra filiformis"
"1833","Badis badis","Ranatra filiformis"
"1834","Puntius vittatus","Ranatra filiformis"
"1835","Rasbora daniconius","Ranatra filiformis"
"1836","Pethia phutunio","Ranatra filiformis"
"1837","Trichogaster lalius","Ranatra filiformis"
"1838","Trichogaster fasciata","Ranatra filiformis"
"1839","Big fish juveniles","Ranatra filiformis"
"1840","Mosquito larvae","Ranatra varipes"
"1841","Parambassis baculis","Ranatra varipes"
"1842","Aplocheilus panchax","Ranatra varipes"
"1843","Badis badis","Ranatra varipes"
"1844","Puntius vittatus","Ranatra varipes"
"1845","Rasbora daniconius","Ranatra varipes"
"1846","Pethia phutunio","Ranatra varipes"
"1847","Trichogaster lalius","Ranatra varipes"
"1848","Diplonychus rusticus","Ranatra varipes"
"1849","Aquarius adelaides","Ranatra varipes"
"1850","Limnogonus fossarum","Ranatra varipes"
"1851","Laccotrephes griseus","Ranatra varipes"
"1852","Laccotrephes ruber","Ranatra varipes"
"1853","Ranatra elongata","Ranatra varipes"
"1854","Ranatra filiformis","Ranatra varipes"
"1855","Anisops campbelli","Ranatra varipes"
"1856","Hydrovatus confertus","Ranatra varipes"
"1857","Big fish juveniles","Ranatra varipes"
"1858","Brachionus calyciflorus","Anisops campbelli"
"1859","Brachionus forficula","Anisops campbelli"
"1860","Keratella lenzi","Anisops campbelli"
"1861","Lecane aculeata","Anisops campbelli"
"1862","Lecane bulla","Anisops campbelli"
"1863","Detritus","Hydrovatus confertus"
"1864","Green Algae","Arcella discoides"
"1865","Green Algae","Centropyxis aculeata"
"1866","Green Algae","Brachionus calyciflorus"
"1867","Green Algae","Brachionus forficula"
"1868","Green Algae","Keratella lenzi"
"1869","Green Algae","Lecane aculeata"
"1870","Green Algae","Lecane bulla"
"1871","Green Algae","Asplanchna brightwelli"
"1872","Green Algae","Mesocyclops leukarti"
"1873","Green Algae","Scapholeberis kingi"
"1874","Green Algae","Macrothrix spinosa"
"1875","Green Algae","Macrothrix goeldi"
"1876","Green Algae","Alona pulchella"
"1877","Green Algae","Coronatella rectangula"
"1878","Arcella discoides","Odonata sp."
"1879","Centropyxis aculeata","Odonata sp."
"1880","Brachionus calyciflorus","Odonata sp."
"1881","Brachionus forficula","Odonata sp."
"1882","Keratella lenzi","Odonata sp."
"1883","Lecane aculeata","Odonata sp."
"1884","Lecane bulla","Odonata sp."
"1885","Asplanchna brightwelli","Odonata sp."
"1886","Mesocyclops leukarti","Odonata sp."
"1887","Scapholeberis kingi","Odonata sp."
"1888","Macrothrix spinosa","Odonata sp."
"1889","Macrothrix goeldi","Odonata sp."
"1890","Alona pulchella","Odonata sp."
"1891","Coronatella rectangula","Odonata sp."
"1892","Green Algae","Mosquito larvae"
"1893","Detritus","Mosquito larvae"
"1894","Arcella discoides","Carp sp."
"1895","Centropyxis aculeata","Carp sp."
"1896","Brachionus calyciflorus","Carp sp."
"1897","Brachionus forficula","Carp sp."
"1898","Keratella lenzi","Carp sp."
"1899","Lecane aculeata","Carp sp."
"1900","Lecane bulla","Carp sp."
"1901","Asplanchna brightwelli","Carp sp."
"1902","Mesocyclops leukarti","Carp sp."
"1903","Scapholeberis kingi","Carp sp."
"1904","Macrothrix spinosa","Carp sp."
"1905","Macrothrix goeldi","Carp sp."
"1906","Alona pulchella","Carp sp."
"1907","Coronatella rectangula","Carp sp."
"1908","Green Algae","Carp sp."
"1909","Detritus","Carp sp."
"1910","Herbaceous aquatic plants","Carp sp."
"1911","Arcella discoides","Big fish juveniles"
"1912","Centropyxis aculeata","Big fish juveniles"
"1913","Brachionus calyciflorus","Big fish juveniles"
"1914","Brachionus forficula","Big fish juveniles"
"1915","Keratella lenzi","Big fish juveniles"
"1916","Lecane aculeata","Big fish juveniles"
"1917","Lecane bulla","Big fish juveniles"
"1918","Asplanchna brightwelli","Big fish juveniles"
"1919","Mesocyclops leukarti","Big fish juveniles"
"1920","Scapholeberis kingi","Big fish juveniles"
"1921","Macrothrix spinosa","Big fish juveniles"
"1922","Macrothrix goeldi","Big fish juveniles"
"1923","Alona pulchella","Big fish juveniles"
"1924","Coronatella rectangula","Big fish juveniles"
"1925","Green Algae","Big fish juveniles"
"1926","Detritus","Big fish juveniles"
"1927","Herbaceous aquatic plants","Big fish juveniles"
